t,B1_num,B1_den,B2_num,B2_den
0.40,0,20,56,56
0.41,0,20,56,56
0.42,0,20,56,56
0.43,0,20,56,56
0.44,0,20,56,56
0.45,0,20,56,56
0.46,0,20,56,56
0.47,0,20,56,56
0.48,0,20,56,56
0.49,0,20,56,56
0.50,0,20,56,56
0.51,0,20,56,56
0.52,0,20,56,56
0.53,0,20,56,56
0.54,0,20,56,56
0.55,1,20,56,56
0.56,1,20,56,56
0.57,1,20,56,56
0.58,1,20,56,56
0.59,1,20,56,56
0.60,3,20,56,56
0.61,4,20,56,56
0.62,4,20,56,56
0.63,5,20,55,56
0.64,6,20,52,56
0.65,8,20,49,56
0.66,11,20,43,56
0.67,12,20,39,56
0.68,12,20,38,56
0.69,13,20,32,56
0.70,15,20,26,56
0.71,17,20,23,56
0.72,17,20,15,56
0.73,18,20,14,56
0.74,18,20,6,56
0.75,19,20,3,56
0.76,19,20,2,56
0.77,19,20,2,56
0.78,19,20,2,56
0.79,19,20,1,56
0.80,19,20,0,56
0.81,20,20,0,56
0.82,20,20,0,56
0.83,20,20,0,56
0.84,20,20,0,56
0.85,20,20,0,56
0.86,20,20,0,56
0.87,20,20,0,56
0.88,20,20,0,56
0.89,20,20,0,56
0.90,20,20,0,56
