t,m,pooled_B1_num,pooled_B1_den,pooled_B2_num,pooled_B2_den,retrieval_B1_num,retrieval_B1_den,retrieval_B2_num,retrieval_B2_den,heldout_B1_num,heldout_B1_den,heldout_B2_num,heldout_B2_den,heldout-3_B1_num,heldout-3_B1_den,heldout-3_B2_num,heldout-3_B2_den,heldout-4_B1_num,heldout-4_B1_den,heldout-4_B2_num,heldout-4_B2_den
0.40,0.000,0,20,56,56,0,6,19,19,0,6,12,12,0,4,11,11,0,4,14,14
0.40,0.005,4,20,49,56,1,6,16,19,0,6,12,12,2,4,11,11,1,4,10,14
0.40,0.010,10,20,40,56,3,6,12,19,4,6,11,12,2,4,10,11,1,4,7,14
0.40,0.015,14,20,31,56,4,6,11,19,6,6,10,12,3,4,7,11,1,4,3,14
0.40,0.020,14,20,28,56,4,6,10,19,6,6,9,12,3,4,7,11,1,4,2,14
0.40,0.025,16,20,18,56,5,6,6,19,6,6,6,12,3,4,4,11,2,4,2,14
0.40,0.030,16,20,14,56,5,6,5,19,6,6,5,12,3,4,3,11,2,4,1,14
0.40,0.035,17,20,10,56,6,6,3,19,6,6,3,12,3,4,3,11,2,4,1,14
0.40,0.040,17,20,9,56,6,6,3,19,6,6,3,12,3,4,3,11,2,4,0,14
0.40,0.045,18,20,8,56,6,6,3,19,6,6,2,12,3,4,3,11,3,4,0,14
0.40,0.050,18,20,8,56,6,6,3,19,6,6,2,12,3,4,3,11,3,4,0,14
0.40,0.055,19,20,6,56,6,6,2,19,6,6,2,12,3,4,2,11,4,4,0,14
0.40,0.060,19,20,5,56,6,6,2,19,6,6,1,12,3,4,2,11,4,4,0,14
0.40,0.065,19,20,4,56,6,6,1,19,6,6,1,12,3,4,2,11,4,4,0,14
0.40,0.070,19,20,4,56,6,6,1,19,6,6,1,12,3,4,2,11,4,4,0,14
0.40,0.075,19,20,4,56,6,6,1,19,6,6,1,12,3,4,2,11,4,4,0,14
0.40,0.080,19,20,3,56,6,6,0,19,6,6,1,12,3,4,2,11,4,4,0,14
0.40,0.085,19,20,3,56,6,6,0,19,6,6,1,12,3,4,2,11,4,4,0,14
0.40,0.090,20,20,3,56,6,6,0,19,6,6,1,12,4,4,2,11,4,4,0,14
0.40,0.095,20,20,2,56,6,6,0,19,6,6,0,12,4,4,2,11,4,4,0,14
0.40,0.100,20,20,1,56,6,6,0,19,6,6,0,12,4,4,1,11,4,4,0,14
0.41,0.000,0,20,56,56,0,6,19,19,0,6,12,12,0,4,11,11,0,4,14,14
0.41,0.005,4,20,49,56,1,6,16,19,0,6,12,12,2,4,11,11,1,4,10,14
0.41,0.010,10,20,40,56,3,6,12,19,4,6,11,12,2,4,10,11,1,4,7,14
0.41,0.015,14,20,31,56,4,6,11,19,6,6,10,12,3,4,7,11,1,4,3,14
0.41,0.020,14,20,28,56,4,6,10,19,6,6,9,12,3,4,7,11,1,4,2,14
0.41,0.025,16,20,18,56,5,6,6,19,6,6,6,12,3,4,4,11,2,4,2,14
0.41,0.030,16,20,14,56,5,6,5,19,6,6,5,12,3,4,3,11,2,4,1,14
0.41,0.035,17,20,10,56,6,6,3,19,6,6,3,12,3,4,3,11,2,4,1,14
0.41,0.040,17,20,9,56,6,6,3,19,6,6,3,12,3,4,3,11,2,4,0,14
0.41,0.045,18,20,8,56,6,6,3,19,6,6,2,12,3,4,3,11,3,4,0,14
0.41,0.050,18,20,8,56,6,6,3,19,6,6,2,12,3,4,3,11,3,4,0,14
0.41,0.055,19,20,6,56,6,6,2,19,6,6,2,12,3,4,2,11,4,4,0,14
0.41,0.060,19,20,5,56,6,6,2,19,6,6,1,12,3,4,2,11,4,4,0,14
0.41,0.065,19,20,4,56,6,6,1,19,6,6,1,12,3,4,2,11,4,4,0,14
0.41,0.070,19,20,4,56,6,6,1,19,6,6,1,12,3,4,2,11,4,4,0,14
0.41,0.075,19,20,4,56,6,6,1,19,6,6,1,12,3,4,2,11,4,4,0,14
0.41,0.080,19,20,3,56,6,6,0,19,6,6,1,12,3,4,2,11,4,4,0,14
0.41,0.085,19,20,3,56,6,6,0,19,6,6,1,12,3,4,2,11,4,4,0,14
0.41,0.090,20,20,3,56,6,6,0,19,6,6,1,12,4,4,2,11,4,4,0,14
0.41,0.095,20,20,2,56,6,6,0,19,6,6,0,12,4,4,2,11,4,4,0,14
0.41,0.100,20,20,1,56,6,6,0,19,6,6,0,12,4,4,1,11,4,4,0,14
0.42,0.000,0,20,56,56,0,6,19,19,0,6,12,12,0,4,11,11,0,4,14,14
0.42,0.005,4,20,49,56,1,6,16,19,0,6,12,12,2,4,11,11,1,4,10,14
0.42,0.010,10,20,40,56,3,6,12,19,4,6,11,12,2,4,10,11,1,4,7,14
0.42,0.015,14,20,31,56,4,6,11,19,6,6,10,12,3,4,7,11,1,4,3,14
0.42,0.020,14,20,28,56,4,6,10,19,6,6,9,12,3,4,7,11,1,4,2,14
0.42,0.025,16,20,18,56,5,6,6,19,6,6,6,12,3,4,4,11,2,4,2,14
0.42,0.030,16,20,14,56,5,6,5,19,6,6,5,12,3,4,3,11,2,4,1,14
0.42,0.035,17,20,10,56,6,6,3,19,6,6,3,12,3,4,3,11,2,4,1,14
0.42,0.040,17,20,9,56,6,6,3,19,6,6,3,12,3,4,3,11,2,4,0,14
0.42,0.045,18,20,8,56,6,6,3,19,6,6,2,12,3,4,3,11,3,4,0,14
0.42,0.050,18,20,8,56,6,6,3,19,6,6,2,12,3,4,3,11,3,4,0,14
0.42,0.055,19,20,6,56,6,6,2,19,6,6,2,12,3,4,2,11,4,4,0,14
0.42,0.060,19,20,5,56,6,6,2,19,6,6,1,12,3,4,2,11,4,4,0,14
0.42,0.065,19,20,4,56,6,6,1,19,6,6,1,12,3,4,2,11,4,4,0,14
0.42,0.070,19,20,4,56,6,6,1,19,6,6,1,12,3,4,2,11,4,4,0,14
0.42,0.075,19,20,4,56,6,6,1,19,6,6,1,12,3,4,2,11,4,4,0,14
0.42,0.080,19,20,3,56,6,6,0,19,6,6,1,12,3,4,2,11,4,4,0,14
0.42,0.085,19,20,3,56,6,6,0,19,6,6,1,12,3,4,2,11,4,4,0,14
0.42,0.090,20,20,3,56,6,6,0,19,6,6,1,12,4,4,2,11,4,4,0,14
0.42,0.095,20,20,2,56,6,6,0,19,6,6,0,12,4,4,2,11,4,4,0,14
0.42,0.100,20,20,1,56,6,6,0,19,6,6,0,12,4,4,1,11,4,4,0,14
0.43,0.000,0,20,56,56,0,6,19,19,0,6,12,12,0,4,11,11,0,4,14,14
0.43,0.005,4,20,49,56,1,6,16,19,0,6,12,12,2,4,11,11,1,4,10,14
0.43,0.010,10,20,40,56,3,6,12,19,4,6,11,12,2,4,10,11,1,4,7,14
0.43,0.015,14,20,31,56,4,6,11,19,6,6,10,12,3,4,7,11,1,4,3,14
0.43,0.020,14,20,28,56,4,6,10,19,6,6,9,12,3,4,7,11,1,4,2,14
0.43,0.025,16,20,18,56,5,6,6,19,6,6,6,12,3,4,4,11,2,4,2,14
0.43,0.030,16,20,14,56,5,6,5,19,6,6,5,12,3,4,3,11,2,4,1,14
0.43,0.035,17,20,10,56,6,6,3,19,6,6,3,12,3,4,3,11,2,4,1,14
0.43,0.040,17,20,9,56,6,6,3,19,6,6,3,12,3,4,3,11,2,4,0,14
0.43,0.045,18,20,8,56,6,6,3,19,6,6,2,12,3,4,3,11,3,4,0,14
0.43,0.050,18,20,8,56,6,6,3,19,6,6,2,12,3,4,3,11,3,4,0,14
0.43,0.055,19,20,6,56,6,6,2,19,6,6,2,12,3,4,2,11,4,4,0,14
0.43,0.060,19,20,5,56,6,6,2,19,6,6,1,12,3,4,2,11,4,4,0,14
0.43,0.065,19,20,4,56,6,6,1,19,6,6,1,12,3,4,2,11,4,4,0,14
0.43,0.070,19,20,4,56,6,6,1,19,6,6,1,12,3,4,2,11,4,4,0,14
0.43,0.075,19,20,4,56,6,6,1,19,6,6,1,12,3,4,2,11,4,4,0,14
0.43,0.080,19,20,3,56,6,6,0,19,6,6,1,12,3,4,2,11,4,4,0,14
0.43,0.085,19,20,3,56,6,6,0,19,6,6,1,12,3,4,2,11,4,4,0,14
0.43,0.090,20,20,3,56,6,6,0,19,6,6,1,12,4,4,2,11,4,4,0,14
0.43,0.095,20,20,2,56,6,6,0,19,6,6,0,12,4,4,2,11,4,4,0,14
0.43,0.100,20,20,1,56,6,6,0,19,6,6,0,12,4,4,1,11,4,4,0,14
0.44,0.000,0,20,56,56,0,6,19,19,0,6,12,12,0,4,11,11,0,4,14,14
0.44,0.005,4,20,49,56,1,6,16,19,0,6,12,12,2,4,11,11,1,4,10,14
0.44,0.010,10,20,40,56,3,6,12,19,4,6,11,12,2,4,10,11,1,4,7,14
0.44,0.015,14,20,31,56,4,6,11,19,6,6,10,12,3,4,7,11,1,4,3,14
0.44,0.020,14,20,28,56,4,6,10,19,6,6,9,12,3,4,7,11,1,4,2,14
0.44,0.025,16,20,18,56,5,6,6,19,6,6,6,12,3,4,4,11,2,4,2,14
0.44,0.030,16,20,14,56,5,6,5,19,6,6,5,12,3,4,3,11,2,4,1,14
0.44,0.035,17,20,10,56,6,6,3,19,6,6,3,12,3,4,3,11,2,4,1,14
0.44,0.040,17,20,9,56,6,6,3,19,6,6,3,12,3,4,3,11,2,4,0,14
0.44,0.045,18,20,8,56,6,6,3,19,6,6,2,12,3,4,3,11,3,4,0,14
0.44,0.050,18,20,8,56,6,6,3,19,6,6,2,12,3,4,3,11,3,4,0,14
0.44,0.055,19,20,6,56,6,6,2,19,6,6,2,12,3,4,2,11,4,4,0,14
0.44,0.060,19,20,5,56,6,6,2,19,6,6,1,12,3,4,2,11,4,4,0,14
0.44,0.065,19,20,4,56,6,6,1,19,6,6,1,12,3,4,2,11,4,4,0,14
0.44,0.070,19,20,4,56,6,6,1,19,6,6,1,12,3,4,2,11,4,4,0,14
0.44,0.075,19,20,4,56,6,6,1,19,6,6,1,12,3,4,2,11,4,4,0,14
0.44,0.080,19,20,3,56,6,6,0,19,6,6,1,12,3,4,2,11,4,4,0,14
0.44,0.085,19,20,3,56,6,6,0,19,6,6,1,12,3,4,2,11,4,4,0,14
0.44,0.090,20,20,3,56,6,6,0,19,6,6,1,12,4,4,2,11,4,4,0,14
0.44,0.095,20,20,2,56,6,6,0,19,6,6,0,12,4,4,2,11,4,4,0,14
0.44,0.100,20,20,1,56,6,6,0,19,6,6,0,12,4,4,1,11,4,4,0,14
0.45,0.000,0,20,56,56,0,6,19,19,0,6,12,12,0,4,11,11,0,4,14,14
0.45,0.005,4,20,49,56,1,6,16,19,0,6,12,12,2,4,11,11,1,4,10,14
0.45,0.010,10,20,40,56,3,6,12,19,4,6,11,12,2,4,10,11,1,4,7,14
0.45,0.015,14,20,31,56,4,6,11,19,6,6,10,12,3,4,7,11,1,4,3,14
0.45,0.020,14,20,28,56,4,6,10,19,6,6,9,12,3,4,7,11,1,4,2,14
0.45,0.025,16,20,18,56,5,6,6,19,6,6,6,12,3,4,4,11,2,4,2,14
0.45,0.030,16,20,14,56,5,6,5,19,6,6,5,12,3,4,3,11,2,4,1,14
0.45,0.035,17,20,10,56,6,6,3,19,6,6,3,12,3,4,3,11,2,4,1,14
0.45,0.040,17,20,9,56,6,6,3,19,6,6,3,12,3,4,3,11,2,4,0,14
0.45,0.045,18,20,8,56,6,6,3,19,6,6,2,12,3,4,3,11,3,4,0,14
0.45,0.050,18,20,8,56,6,6,3,19,6,6,2,12,3,4,3,11,3,4,0,14
0.45,0.055,19,20,6,56,6,6,2,19,6,6,2,12,3,4,2,11,4,4,0,14
0.45,0.060,19,20,5,56,6,6,2,19,6,6,1,12,3,4,2,11,4,4,0,14
0.45,0.065,19,20,4,56,6,6,1,19,6,6,1,12,3,4,2,11,4,4,0,14
0.45,0.070,19,20,4,56,6,6,1,19,6,6,1,12,3,4,2,11,4,4,0,14
0.45,0.075,19,20,4,56,6,6,1,19,6,6,1,12,3,4,2,11,4,4,0,14
0.45,0.080,19,20,3,56,6,6,0,19,6,6,1,12,3,4,2,11,4,4,0,14
0.45,0.085,19,20,3,56,6,6,0,19,6,6,1,12,3,4,2,11,4,4,0,14
0.45,0.090,20,20,3,56,6,6,0,19,6,6,1,12,4,4,2,11,4,4,0,14
0.45,0.095,20,20,2,56,6,6,0,19,6,6,0,12,4,4,2,11,4,4,0,14
0.45,0.100,20,20,1,56,6,6,0,19,6,6,0,12,4,4,1,11,4,4,0,14
0.46,0.000,0,20,56,56,0,6,19,19,0,6,12,12,0,4,11,11,0,4,14,14
0.46,0.005,4,20,49,56,1,6,16,19,0,6,12,12,2,4,11,11,1,4,10,14
0.46,0.010,10,20,40,56,3,6,12,19,4,6,11,12,2,4,10,11,1,4,7,14
0.46,0.015,14,20,31,56,4,6,11,19,6,6,10,12,3,4,7,11,1,4,3,14
0.46,0.020,14,20,28,56,4,6,10,19,6,6,9,12,3,4,7,11,1,4,2,14
0.46,0.025,16,20,18,56,5,6,6,19,6,6,6,12,3,4,4,11,2,4,2,14
0.46,0.030,16,20,14,56,5,6,5,19,6,6,5,12,3,4,3,11,2,4,1,14
0.46,0.035,17,20,10,56,6,6,3,19,6,6,3,12,3,4,3,11,2,4,1,14
0.46,0.040,17,20,9,56,6,6,3,19,6,6,3,12,3,4,3,11,2,4,0,14
0.46,0.045,18,20,8,56,6,6,3,19,6,6,2,12,3,4,3,11,3,4,0,14
0.46,0.050,18,20,8,56,6,6,3,19,6,6,2,12,3,4,3,11,3,4,0,14
0.46,0.055,19,20,6,56,6,6,2,19,6,6,2,12,3,4,2,11,4,4,0,14
0.46,0.060,19,20,5,56,6,6,2,19,6,6,1,12,3,4,2,11,4,4,0,14
0.46,0.065,19,20,4,56,6,6,1,19,6,6,1,12,3,4,2,11,4,4,0,14
0.46,0.070,19,20,4,56,6,6,1,19,6,6,1,12,3,4,2,11,4,4,0,14
0.46,0.075,19,20,4,56,6,6,1,19,6,6,1,12,3,4,2,11,4,4,0,14
0.46,0.080,19,20,3,56,6,6,0,19,6,6,1,12,3,4,2,11,4,4,0,14
0.46,0.085,19,20,3,56,6,6,0,19,6,6,1,12,3,4,2,11,4,4,0,14
0.46,0.090,20,20,3,56,6,6,0,19,6,6,1,12,4,4,2,11,4,4,0,14
0.46,0.095,20,20,2,56,6,6,0,19,6,6,0,12,4,4,2,11,4,4,0,14
0.46,0.100,20,20,1,56,6,6,0,19,6,6,0,12,4,4,1,11,4,4,0,14
0.47,0.000,0,20,56,56,0,6,19,19,0,6,12,12,0,4,11,11,0,4,14,14
0.47,0.005,4,20,49,56,1,6,16,19,0,6,12,12,2,4,11,11,1,4,10,14
0.47,0.010,10,20,40,56,3,6,12,19,4,6,11,12,2,4,10,11,1,4,7,14
0.47,0.015,14,20,31,56,4,6,11,19,6,6,10,12,3,4,7,11,1,4,3,14
0.47,0.020,14,20,28,56,4,6,10,19,6,6,9,12,3,4,7,11,1,4,2,14
0.47,0.025,16,20,18,56,5,6,6,19,6,6,6,12,3,4,4,11,2,4,2,14
0.47,0.030,16,20,14,56,5,6,5,19,6,6,5,12,3,4,3,11,2,4,1,14
0.47,0.035,17,20,10,56,6,6,3,19,6,6,3,12,3,4,3,11,2,4,1,14
0.47,0.040,17,20,9,56,6,6,3,19,6,6,3,12,3,4,3,11,2,4,0,14
0.47,0.045,18,20,8,56,6,6,3,19,6,6,2,12,3,4,3,11,3,4,0,14
0.47,0.050,18,20,8,56,6,6,3,19,6,6,2,12,3,4,3,11,3,4,0,14
0.47,0.055,19,20,6,56,6,6,2,19,6,6,2,12,3,4,2,11,4,4,0,14
0.47,0.060,19,20,5,56,6,6,2,19,6,6,1,12,3,4,2,11,4,4,0,14
0.47,0.065,19,20,4,56,6,6,1,19,6,6,1,12,3,4,2,11,4,4,0,14
0.47,0.070,19,20,4,56,6,6,1,19,6,6,1,12,3,4,2,11,4,4,0,14
0.47,0.075,19,20,4,56,6,6,1,19,6,6,1,12,3,4,2,11,4,4,0,14
0.47,0.080,19,20,3,56,6,6,0,19,6,6,1,12,3,4,2,11,4,4,0,14
0.47,0.085,19,20,3,56,6,6,0,19,6,6,1,12,3,4,2,11,4,4,0,14
0.47,0.090,20,20,3,56,6,6,0,19,6,6,1,12,4,4,2,11,4,4,0,14
0.47,0.095,20,20,2,56,6,6,0,19,6,6,0,12,4,4,2,11,4,4,0,14
0.47,0.100,20,20,1,56,6,6,0,19,6,6,0,12,4,4,1,11,4,4,0,14
0.48,0.000,0,20,56,56,0,6,19,19,0,6,12,12,0,4,11,11,0,4,14,14
0.48,0.005,4,20,49,56,1,6,16,19,0,6,12,12,2,4,11,11,1,4,10,14
0.48,0.010,10,20,40,56,3,6,12,19,4,6,11,12,2,4,10,11,1,4,7,14
0.48,0.015,14,20,31,56,4,6,11,19,6,6,10,12,3,4,7,11,1,4,3,14
0.48,0.020,14,20,28,56,4,6,10,19,6,6,9,12,3,4,7,11,1,4,2,14
0.48,0.025,16,20,18,56,5,6,6,19,6,6,6,12,3,4,4,11,2,4,2,14
0.48,0.030,16,20,14,56,5,6,5,19,6,6,5,12,3,4,3,11,2,4,1,14
0.48,0.035,17,20,10,56,6,6,3,19,6,6,3,12,3,4,3,11,2,4,1,14
0.48,0.040,17,20,9,56,6,6,3,19,6,6,3,12,3,4,3,11,2,4,0,14
0.48,0.045,18,20,8,56,6,6,3,19,6,6,2,12,3,4,3,11,3,4,0,14
0.48,0.050,18,20,8,56,6,6,3,19,6,6,2,12,3,4,3,11,3,4,0,14
0.48,0.055,19,20,6,56,6,6,2,19,6,6,2,12,3,4,2,11,4,4,0,14
0.48,0.060,19,20,5,56,6,6,2,19,6,6,1,12,3,4,2,11,4,4,0,14
0.48,0.065,19,20,4,56,6,6,1,19,6,6,1,12,3,4,2,11,4,4,0,14
0.48,0.070,19,20,4,56,6,6,1,19,6,6,1,12,3,4,2,11,4,4,0,14
0.48,0.075,19,20,4,56,6,6,1,19,6,6,1,12,3,4,2,11,4,4,0,14
0.48,0.080,19,20,3,56,6,6,0,19,6,6,1,12,3,4,2,11,4,4,0,14
0.48,0.085,19,20,3,56,6,6,0,19,6,6,1,12,3,4,2,11,4,4,0,14
0.48,0.090,20,20,3,56,6,6,0,19,6,6,1,12,4,4,2,11,4,4,0,14
0.48,0.095,20,20,2,56,6,6,0,19,6,6,0,12,4,4,2,11,4,4,0,14
0.48,0.100,20,20,1,56,6,6,0,19,6,6,0,12,4,4,1,11,4,4,0,14
0.49,0.000,0,20,56,56,0,6,19,19,0,6,12,12,0,4,11,11,0,4,14,14
0.49,0.005,4,20,49,56,1,6,16,19,0,6,12,12,2,4,11,11,1,4,10,14
0.49,0.010,10,20,40,56,3,6,12,19,4,6,11,12,2,4,10,11,1,4,7,14
0.49,0.015,14,20,31,56,4,6,11,19,6,6,10,12,3,4,7,11,1,4,3,14
0.49,0.020,14,20,28,56,4,6,10,19,6,6,9,12,3,4,7,11,1,4,2,14
0.49,0.025,16,20,18,56,5,6,6,19,6,6,6,12,3,4,4,11,2,4,2,14
0.49,0.030,16,20,14,56,5,6,5,19,6,6,5,12,3,4,3,11,2,4,1,14
0.49,0.035,17,20,10,56,6,6,3,19,6,6,3,12,3,4,3,11,2,4,1,14
0.49,0.040,17,20,9,56,6,6,3,19,6,6,3,12,3,4,3,11,2,4,0,14
0.49,0.045,18,20,8,56,6,6,3,19,6,6,2,12,3,4,3,11,3,4,0,14
0.49,0.050,18,20,8,56,6,6,3,19,6,6,2,12,3,4,3,11,3,4,0,14
0.49,0.055,19,20,6,56,6,6,2,19,6,6,2,12,3,4,2,11,4,4,0,14
0.49,0.060,19,20,5,56,6,6,2,19,6,6,1,12,3,4,2,11,4,4,0,14
0.49,0.065,19,20,4,56,6,6,1,19,6,6,1,12,3,4,2,11,4,4,0,14
0.49,0.070,19,20,4,56,6,6,1,19,6,6,1,12,3,4,2,11,4,4,0,14
0.49,0.075,19,20,4,56,6,6,1,19,6,6,1,12,3,4,2,11,4,4,0,14
0.49,0.080,19,20,3,56,6,6,0,19,6,6,1,12,3,4,2,11,4,4,0,14
0.49,0.085,19,20,3,56,6,6,0,19,6,6,1,12,3,4,2,11,4,4,0,14
0.49,0.090,20,20,3,56,6,6,0,19,6,6,1,12,4,4,2,11,4,4,0,14
0.49,0.095,20,20,2,56,6,6,0,19,6,6,0,12,4,4,2,11,4,4,0,14
0.49,0.100,20,20,1,56,6,6,0,19,6,6,0,12,4,4,1,11,4,4,0,14
0.50,0.000,0,20,56,56,0,6,19,19,0,6,12,12,0,4,11,11,0,4,14,14
0.50,0.005,4,20,49,56,1,6,16,19,0,6,12,12,2,4,11,11,1,4,10,14
0.50,0.010,10,20,40,56,3,6,12,19,4,6,11,12,2,4,10,11,1,4,7,14
0.50,0.015,14,20,31,56,4,6,11,19,6,6,10,12,3,4,7,11,1,4,3,14
0.50,0.020,14,20,28,56,4,6,10,19,6,6,9,12,3,4,7,11,1,4,2,14
0.50,0.025,16,20,18,56,5,6,6,19,6,6,6,12,3,4,4,11,2,4,2,14
0.50,0.030,16,20,14,56,5,6,5,19,6,6,5,12,3,4,3,11,2,4,1,14
0.50,0.035,17,20,10,56,6,6,3,19,6,6,3,12,3,4,3,11,2,4,1,14
0.50,0.040,17,20,9,56,6,6,3,19,6,6,3,12,3,4,3,11,2,4,0,14
0.50,0.045,18,20,8,56,6,6,3,19,6,6,2,12,3,4,3,11,3,4,0,14
0.50,0.050,18,20,8,56,6,6,3,19,6,6,2,12,3,4,3,11,3,4,0,14
0.50,0.055,19,20,6,56,6,6,2,19,6,6,2,12,3,4,2,11,4,4,0,14
0.50,0.060,19,20,5,56,6,6,2,19,6,6,1,12,3,4,2,11,4,4,0,14
0.50,0.065,19,20,4,56,6,6,1,19,6,6,1,12,3,4,2,11,4,4,0,14
0.50,0.070,19,20,4,56,6,6,1,19,6,6,1,12,3,4,2,11,4,4,0,14
0.50,0.075,19,20,4,56,6,6,1,19,6,6,1,12,3,4,2,11,4,4,0,14
0.50,0.080,19,20,3,56,6,6,0,19,6,6,1,12,3,4,2,11,4,4,0,14
0.50,0.085,19,20,3,56,6,6,0,19,6,6,1,12,3,4,2,11,4,4,0,14
0.50,0.090,20,20,3,56,6,6,0,19,6,6,1,12,4,4,2,11,4,4,0,14
0.50,0.095,20,20,2,56,6,6,0,19,6,6,0,12,4,4,2,11,4,4,0,14
0.50,0.100,20,20,1,56,6,6,0,19,6,6,0,12,4,4,1,11,4,4,0,14
0.51,0.000,0,20,56,56,0,6,19,19,0,6,12,12,0,4,11,11,0,4,14,14
0.51,0.005,4,20,49,56,1,6,16,19,0,6,12,12,2,4,11,11,1,4,10,14
0.51,0.010,10,20,40,56,3,6,12,19,4,6,11,12,2,4,10,11,1,4,7,14
0.51,0.015,14,20,31,56,4,6,11,19,6,6,10,12,3,4,7,11,1,4,3,14
0.51,0.020,14,20,28,56,4,6,10,19,6,6,9,12,3,4,7,11,1,4,2,14
0.51,0.025,16,20,18,56,5,6,6,19,6,6,6,12,3,4,4,11,2,4,2,14
0.51,0.030,16,20,14,56,5,6,5,19,6,6,5,12,3,4,3,11,2,4,1,14
0.51,0.035,17,20,10,56,6,6,3,19,6,6,3,12,3,4,3,11,2,4,1,14
0.51,0.040,17,20,9,56,6,6,3,19,6,6,3,12,3,4,3,11,2,4,0,14
0.51,0.045,18,20,8,56,6,6,3,19,6,6,2,12,3,4,3,11,3,4,0,14
0.51,0.050,18,20,8,56,6,6,3,19,6,6,2,12,3,4,3,11,3,4,0,14
0.51,0.055,19,20,6,56,6,6,2,19,6,6,2,12,3,4,2,11,4,4,0,14
0.51,0.060,19,20,5,56,6,6,2,19,6,6,1,12,3,4,2,11,4,4,0,14
0.51,0.065,19,20,4,56,6,6,1,19,6,6,1,12,3,4,2,11,4,4,0,14
0.51,0.070,19,20,4,56,6,6,1,19,6,6,1,12,3,4,2,11,4,4,0,14
0.51,0.075,19,20,4,56,6,6,1,19,6,6,1,12,3,4,2,11,4,4,0,14
0.51,0.080,19,20,3,56,6,6,0,19,6,6,1,12,3,4,2,11,4,4,0,14
0.51,0.085,19,20,3,56,6,6,0,19,6,6,1,12,3,4,2,11,4,4,0,14
0.51,0.090,20,20,3,56,6,6,0,19,6,6,1,12,4,4,2,11,4,4,0,14
0.51,0.095,20,20,2,56,6,6,0,19,6,6,0,12,4,4,2,11,4,4,0,14
0.51,0.100,20,20,1,56,6,6,0,19,6,6,0,12,4,4,1,11,4,4,0,14
0.52,0.000,0,20,56,56,0,6,19,19,0,6,12,12,0,4,11,11,0,4,14,14
0.52,0.005,4,20,49,56,1,6,16,19,0,6,12,12,2,4,11,11,1,4,10,14
0.52,0.010,10,20,40,56,3,6,12,19,4,6,11,12,2,4,10,11,1,4,7,14
0.52,0.015,14,20,31,56,4,6,11,19,6,6,10,12,3,4,7,11,1,4,3,14
0.52,0.020,14,20,28,56,4,6,10,19,6,6,9,12,3,4,7,11,1,4,2,14
0.52,0.025,16,20,18,56,5,6,6,19,6,6,6,12,3,4,4,11,2,4,2,14
0.52,0.030,16,20,14,56,5,6,5,19,6,6,5,12,3,4,3,11,2,4,1,14
0.52,0.035,17,20,10,56,6,6,3,19,6,6,3,12,3,4,3,11,2,4,1,14
0.52,0.040,17,20,9,56,6,6,3,19,6,6,3,12,3,4,3,11,2,4,0,14
0.52,0.045,18,20,8,56,6,6,3,19,6,6,2,12,3,4,3,11,3,4,0,14
0.52,0.050,18,20,8,56,6,6,3,19,6,6,2,12,3,4,3,11,3,4,0,14
0.52,0.055,19,20,6,56,6,6,2,19,6,6,2,12,3,4,2,11,4,4,0,14
0.52,0.060,19,20,5,56,6,6,2,19,6,6,1,12,3,4,2,11,4,4,0,14
0.52,0.065,19,20,4,56,6,6,1,19,6,6,1,12,3,4,2,11,4,4,0,14
0.52,0.070,19,20,4,56,6,6,1,19,6,6,1,12,3,4,2,11,4,4,0,14
0.52,0.075,19,20,4,56,6,6,1,19,6,6,1,12,3,4,2,11,4,4,0,14
0.52,0.080,19,20,3,56,6,6,0,19,6,6,1,12,3,4,2,11,4,4,0,14
0.52,0.085,19,20,3,56,6,6,0,19,6,6,1,12,3,4,2,11,4,4,0,14
0.52,0.090,20,20,3,56,6,6,0,19,6,6,1,12,4,4,2,11,4,4,0,14
0.52,0.095,20,20,2,56,6,6,0,19,6,6,0,12,4,4,2,11,4,4,0,14
0.52,0.100,20,20,1,56,6,6,0,19,6,6,0,12,4,4,1,11,4,4,0,14
0.53,0.000,0,20,56,56,0,6,19,19,0,6,12,12,0,4,11,11,0,4,14,14
0.53,0.005,4,20,49,56,1,6,16,19,0,6,12,12,2,4,11,11,1,4,10,14
0.53,0.010,10,20,40,56,3,6,12,19,4,6,11,12,2,4,10,11,1,4,7,14
0.53,0.015,14,20,31,56,4,6,11,19,6,6,10,12,3,4,7,11,1,4,3,14
0.53,0.020,14,20,28,56,4,6,10,19,6,6,9,12,3,4,7,11,1,4,2,14
0.53,0.025,16,20,18,56,5,6,6,19,6,6,6,12,3,4,4,11,2,4,2,14
0.53,0.030,16,20,14,56,5,6,5,19,6,6,5,12,3,4,3,11,2,4,1,14
0.53,0.035,17,20,10,56,6,6,3,19,6,6,3,12,3,4,3,11,2,4,1,14
0.53,0.040,17,20,9,56,6,6,3,19,6,6,3,12,3,4,3,11,2,4,0,14
0.53,0.045,18,20,8,56,6,6,3,19,6,6,2,12,3,4,3,11,3,4,0,14
0.53,0.050,18,20,8,56,6,6,3,19,6,6,2,12,3,4,3,11,3,4,0,14
0.53,0.055,19,20,6,56,6,6,2,19,6,6,2,12,3,4,2,11,4,4,0,14
0.53,0.060,19,20,5,56,6,6,2,19,6,6,1,12,3,4,2,11,4,4,0,14
0.53,0.065,19,20,4,56,6,6,1,19,6,6,1,12,3,4,2,11,4,4,0,14
0.53,0.070,19,20,4,56,6,6,1,19,6,6,1,12,3,4,2,11,4,4,0,14
0.53,0.075,19,20,4,56,6,6,1,19,6,6,1,12,3,4,2,11,4,4,0,14
0.53,0.080,19,20,3,56,6,6,0,19,6,6,1,12,3,4,2,11,4,4,0,14
0.53,0.085,19,20,3,56,6,6,0,19,6,6,1,12,3,4,2,11,4,4,0,14
0.53,0.090,20,20,3,56,6,6,0,19,6,6,1,12,4,4,2,11,4,4,0,14
0.53,0.095,20,20,2,56,6,6,0,19,6,6,0,12,4,4,2,11,4,4,0,14
0.53,0.100,20,20,1,56,6,6,0,19,6,6,0,12,4,4,1,11,4,4,0,14
0.54,0.000,0,20,56,56,0,6,19,19,0,6,12,12,0,4,11,11,0,4,14,14
0.54,0.005,4,20,49,56,1,6,16,19,0,6,12,12,2,4,11,11,1,4,10,14
0.54,0.010,10,20,40,56,3,6,12,19,4,6,11,12,2,4,10,11,1,4,7,14
0.54,0.015,14,20,31,56,4,6,11,19,6,6,10,12,3,4,7,11,1,4,3,14
0.54,0.020,14,20,28,56,4,6,10,19,6,6,9,12,3,4,7,11,1,4,2,14
0.54,0.025,16,20,18,56,5,6,6,19,6,6,6,12,3,4,4,11,2,4,2,14
0.54,0.030,16,20,14,56,5,6,5,19,6,6,5,12,3,4,3,11,2,4,1,14
0.54,0.035,17,20,10,56,6,6,3,19,6,6,3,12,3,4,3,11,2,4,1,14
0.54,0.040,17,20,9,56,6,6,3,19,6,6,3,12,3,4,3,11,2,4,0,14
0.54,0.045,18,20,8,56,6,6,3,19,6,6,2,12,3,4,3,11,3,4,0,14
0.54,0.050,18,20,8,56,6,6,3,19,6,6,2,12,3,4,3,11,3,4,0,14
0.54,0.055,19,20,6,56,6,6,2,19,6,6,2,12,3,4,2,11,4,4,0,14
0.54,0.060,19,20,5,56,6,6,2,19,6,6,1,12,3,4,2,11,4,4,0,14
0.54,0.065,19,20,4,56,6,6,1,19,6,6,1,12,3,4,2,11,4,4,0,14
0.54,0.070,19,20,4,56,6,6,1,19,6,6,1,12,3,4,2,11,4,4,0,14
0.54,0.075,19,20,4,56,6,6,1,19,6,6,1,12,3,4,2,11,4,4,0,14
0.54,0.080,19,20,3,56,6,6,0,19,6,6,1,12,3,4,2,11,4,4,0,14
0.54,0.085,19,20,3,56,6,6,0,19,6,6,1,12,3,4,2,11,4,4,0,14
0.54,0.090,20,20,3,56,6,6,0,19,6,6,1,12,4,4,2,11,4,4,0,14
0.54,0.095,20,20,2,56,6,6,0,19,6,6,0,12,4,4,2,11,4,4,0,14
0.54,0.100,20,20,1,56,6,6,0,19,6,6,0,12,4,4,1,11,4,4,0,14
0.55,0.000,1,20,56,56,1,6,19,19,0,6,12,12,0,4,11,11,0,4,14,14
0.55,0.005,4,20,49,56,1,6,16,19,0,6,12,12,2,4,11,11,1,4,10,14
0.55,0.010,10,20,40,56,3,6,12,19,4,6,11,12,2,4,10,11,1,4,7,14
0.55,0.015,14,20,31,56,4,6,11,19,6,6,10,12,3,4,7,11,1,4,3,14
0.55,0.020,14,20,28,56,4,6,10,19,6,6,9,12,3,4,7,11,1,4,2,14
0.55,0.025,16,20,18,56,5,6,6,19,6,6,6,12,3,4,4,11,2,4,2,14
0.55,0.030,16,20,14,56,5,6,5,19,6,6,5,12,3,4,3,11,2,4,1,14
0.55,0.035,17,20,10,56,6,6,3,19,6,6,3,12,3,4,3,11,2,4,1,14
0.55,0.040,17,20,9,56,6,6,3,19,6,6,3,12,3,4,3,11,2,4,0,14
0.55,0.045,18,20,8,56,6,6,3,19,6,6,2,12,3,4,3,11,3,4,0,14
0.55,0.050,18,20,8,56,6,6,3,19,6,6,2,12,3,4,3,11,3,4,0,14
0.55,0.055,19,20,6,56,6,6,2,19,6,6,2,12,3,4,2,11,4,4,0,14
0.55,0.060,19,20,5,56,6,6,2,19,6,6,1,12,3,4,2,11,4,4,0,14
0.55,0.065,19,20,4,56,6,6,1,19,6,6,1,12,3,4,2,11,4,4,0,14
0.55,0.070,19,20,4,56,6,6,1,19,6,6,1,12,3,4,2,11,4,4,0,14
0.55,0.075,19,20,4,56,6,6,1,19,6,6,1,12,3,4,2,11,4,4,0,14
0.55,0.080,19,20,3,56,6,6,0,19,6,6,1,12,3,4,2,11,4,4,0,14
0.55,0.085,19,20,3,56,6,6,0,19,6,6,1,12,3,4,2,11,4,4,0,14
0.55,0.090,20,20,3,56,6,6,0,19,6,6,1,12,4,4,2,11,4,4,0,14
0.55,0.095,20,20,2,56,6,6,0,19,6,6,0,12,4,4,2,11,4,4,0,14
0.55,0.100,20,20,1,56,6,6,0,19,6,6,0,12,4,4,1,11,4,4,0,14
0.56,0.000,1,20,56,56,1,6,19,19,0,6,12,12,0,4,11,11,0,4,14,14
0.56,0.005,4,20,49,56,1,6,16,19,0,6,12,12,2,4,11,11,1,4,10,14
0.56,0.010,10,20,40,56,3,6,12,19,4,6,11,12,2,4,10,11,1,4,7,14
0.56,0.015,14,20,31,56,4,6,11,19,6,6,10,12,3,4,7,11,1,4,3,14
0.56,0.020,14,20,28,56,4,6,10,19,6,6,9,12,3,4,7,11,1,4,2,14
0.56,0.025,16,20,18,56,5,6,6,19,6,6,6,12,3,4,4,11,2,4,2,14
0.56,0.030,16,20,14,56,5,6,5,19,6,6,5,12,3,4,3,11,2,4,1,14
0.56,0.035,17,20,10,56,6,6,3,19,6,6,3,12,3,4,3,11,2,4,1,14
0.56,0.040,17,20,9,56,6,6,3,19,6,6,3,12,3,4,3,11,2,4,0,14
0.56,0.045,18,20,8,56,6,6,3,19,6,6,2,12,3,4,3,11,3,4,0,14
0.56,0.050,18,20,8,56,6,6,3,19,6,6,2,12,3,4,3,11,3,4,0,14
0.56,0.055,19,20,6,56,6,6,2,19,6,6,2,12,3,4,2,11,4,4,0,14
0.56,0.060,19,20,5,56,6,6,2,19,6,6,1,12,3,4,2,11,4,4,0,14
0.56,0.065,19,20,4,56,6,6,1,19,6,6,1,12,3,4,2,11,4,4,0,14
0.56,0.070,19,20,4,56,6,6,1,19,6,6,1,12,3,4,2,11,4,4,0,14
0.56,0.075,19,20,4,56,6,6,1,19,6,6,1,12,3,4,2,11,4,4,0,14
0.56,0.080,19,20,3,56,6,6,0,19,6,6,1,12,3,4,2,11,4,4,0,14
0.56,0.085,19,20,3,56,6,6,0,19,6,6,1,12,3,4,2,11,4,4,0,14
0.56,0.090,20,20,3,56,6,6,0,19,6,6,1,12,4,4,2,11,4,4,0,14
0.56,0.095,20,20,2,56,6,6,0,19,6,6,0,12,4,4,2,11,4,4,0,14
0.56,0.100,20,20,1,56,6,6,0,19,6,6,0,12,4,4,1,11,4,4,0,14
0.57,0.000,1,20,56,56,1,6,19,19,0,6,12,12,0,4,11,11,0,4,14,14
0.57,0.005,4,20,49,56,1,6,16,19,0,6,12,12,2,4,11,11,1,4,10,14
0.57,0.010,10,20,40,56,3,6,12,19,4,6,11,12,2,4,10,11,1,4,7,14
0.57,0.015,14,20,31,56,4,6,11,19,6,6,10,12,3,4,7,11,1,4,3,14
0.57,0.020,14,20,28,56,4,6,10,19,6,6,9,12,3,4,7,11,1,4,2,14
0.57,0.025,16,20,18,56,5,6,6,19,6,6,6,12,3,4,4,11,2,4,2,14
0.57,0.030,16,20,14,56,5,6,5,19,6,6,5,12,3,4,3,11,2,4,1,14
0.57,0.035,17,20,10,56,6,6,3,19,6,6,3,12,3,4,3,11,2,4,1,14
0.57,0.040,17,20,9,56,6,6,3,19,6,6,3,12,3,4,3,11,2,4,0,14
0.57,0.045,18,20,8,56,6,6,3,19,6,6,2,12,3,4,3,11,3,4,0,14
0.57,0.050,18,20,8,56,6,6,3,19,6,6,2,12,3,4,3,11,3,4,0,14
0.57,0.055,19,20,6,56,6,6,2,19,6,6,2,12,3,4,2,11,4,4,0,14
0.57,0.060,19,20,5,56,6,6,2,19,6,6,1,12,3,4,2,11,4,4,0,14
0.57,0.065,19,20,4,56,6,6,1,19,6,6,1,12,3,4,2,11,4,4,0,14
0.57,0.070,19,20,4,56,6,6,1,19,6,6,1,12,3,4,2,11,4,4,0,14
0.57,0.075,19,20,4,56,6,6,1,19,6,6,1,12,3,4,2,11,4,4,0,14
0.57,0.080,19,20,3,56,6,6,0,19,6,6,1,12,3,4,2,11,4,4,0,14
0.57,0.085,19,20,3,56,6,6,0,19,6,6,1,12,3,4,2,11,4,4,0,14
0.57,0.090,20,20,3,56,6,6,0,19,6,6,1,12,4,4,2,11,4,4,0,14
0.57,0.095,20,20,2,56,6,6,0,19,6,6,0,12,4,4,2,11,4,4,0,14
0.57,0.100,20,20,1,56,6,6,0,19,6,6,0,12,4,4,1,11,4,4,0,14
0.58,0.000,3,20,56,56,1,6,19,19,1,6,12,12,1,4,11,11,0,4,14,14
0.58,0.005,5,20,49,56,1,6,16,19,1,6,12,12,2,4,11,11,1,4,10,14
0.58,0.010,11,20,40,56,3,6,12,19,5,6,11,12,2,4,10,11,1,4,7,14
0.58,0.015,14,20,31,56,4,6,11,19,6,6,10,12,3,4,7,11,1,4,3,14
0.58,0.020,14,20,28,56,4,6,10,19,6,6,9,12,3,4,7,11,1,4,2,14
0.58,0.025,16,20,18,56,5,6,6,19,6,6,6,12,3,4,4,11,2,4,2,14
0.58,0.030,16,20,14,56,5,6,5,19,6,6,5,12,3,4,3,11,2,4,1,14
0.58,0.035,17,20,10,56,6,6,3,19,6,6,3,12,3,4,3,11,2,4,1,14
0.58,0.040,17,20,9,56,6,6,3,19,6,6,3,12,3,4,3,11,2,4,0,14
0.58,0.045,18,20,8,56,6,6,3,19,6,6,2,12,3,4,3,11,3,4,0,14
0.58,0.050,18,20,8,56,6,6,3,19,6,6,2,12,3,4,3,11,3,4,0,14
0.58,0.055,19,20,6,56,6,6,2,19,6,6,2,12,3,4,2,11,4,4,0,14
0.58,0.060,19,20,5,56,6,6,2,19,6,6,1,12,3,4,2,11,4,4,0,14
0.58,0.065,19,20,4,56,6,6,1,19,6,6,1,12,3,4,2,11,4,4,0,14
0.58,0.070,19,20,4,56,6,6,1,19,6,6,1,12,3,4,2,11,4,4,0,14
0.58,0.075,19,20,4,56,6,6,1,19,6,6,1,12,3,4,2,11,4,4,0,14
0.58,0.080,19,20,3,56,6,6,0,19,6,6,1,12,3,4,2,11,4,4,0,14
0.58,0.085,19,20,3,56,6,6,0,19,6,6,1,12,3,4,2,11,4,4,0,14
0.58,0.090,20,20,3,56,6,6,0,19,6,6,1,12,4,4,2,11,4,4,0,14
0.58,0.095,20,20,2,56,6,6,0,19,6,6,0,12,4,4,2,11,4,4,0,14
0.58,0.100,20,20,1,56,6,6,0,19,6,6,0,12,4,4,1,11,4,4,0,14
0.59,0.000,3,20,56,56,1,6,19,19,1,6,12,12,1,4,11,11,0,4,14,14
0.59,0.005,5,20,49,56,1,6,16,19,1,6,12,12,2,4,11,11,1,4,10,14
0.59,0.010,11,20,40,56,3,6,12,19,5,6,11,12,2,4,10,11,1,4,7,14
0.59,0.015,14,20,31,56,4,6,11,19,6,6,10,12,3,4,7,11,1,4,3,14
0.59,0.020,14,20,28,56,4,6,10,19,6,6,9,12,3,4,7,11,1,4,2,14
0.59,0.025,16,20,18,56,5,6,6,19,6,6,6,12,3,4,4,11,2,4,2,14
0.59,0.030,16,20,14,56,5,6,5,19,6,6,5,12,3,4,3,11,2,4,1,14
0.59,0.035,17,20,10,56,6,6,3,19,6,6,3,12,3,4,3,11,2,4,1,14
0.59,0.040,17,20,9,56,6,6,3,19,6,6,3,12,3,4,3,11,2,4,0,14
0.59,0.045,18,20,8,56,6,6,3,19,6,6,2,12,3,4,3,11,3,4,0,14
0.59,0.050,18,20,8,56,6,6,3,19,6,6,2,12,3,4,3,11,3,4,0,14
0.59,0.055,19,20,6,56,6,6,2,19,6,6,2,12,3,4,2,11,4,4,0,14
0.59,0.060,19,20,5,56,6,6,2,19,6,6,1,12,3,4,2,11,4,4,0,14
0.59,0.065,19,20,4,56,6,6,1,19,6,6,1,12,3,4,2,11,4,4,0,14
0.59,0.070,19,20,4,56,6,6,1,19,6,6,1,12,3,4,2,11,4,4,0,14
0.59,0.075,19,20,4,56,6,6,1,19,6,6,1,12,3,4,2,11,4,4,0,14
0.59,0.080,19,20,3,56,6,6,0,19,6,6,1,12,3,4,2,11,4,4,0,14
0.59,0.085,19,20,3,56,6,6,0,19,6,6,1,12,3,4,2,11,4,4,0,14
0.59,0.090,20,20,3,56,6,6,0,19,6,6,1,12,4,4,2,11,4,4,0,14
0.59,0.095,20,20,2,56,6,6,0,19,6,6,0,12,4,4,2,11,4,4,0,14
0.59,0.100,20,20,1,56,6,6,0,19,6,6,0,12,4,4,1,11,4,4,0,14
0.60,0.000,3,20,56,56,1,6,19,19,1,6,12,12,1,4,11,11,0,4,14,14
0.60,0.005,5,20,49,56,1,6,16,19,1,6,12,12,2,4,11,11,1,4,10,14
0.60,0.010,11,20,40,56,3,6,12,19,5,6,11,12,2,4,10,11,1,4,7,14
0.60,0.015,14,20,31,56,4,6,11,19,6,6,10,12,3,4,7,11,1,4,3,14
0.60,0.020,14,20,28,56,4,6,10,19,6,6,9,12,3,4,7,11,1,4,2,14
0.60,0.025,16,20,18,56,5,6,6,19,6,6,6,12,3,4,4,11,2,4,2,14
0.60,0.030,16,20,14,56,5,6,5,19,6,6,5,12,3,4,3,11,2,4,1,14
0.60,0.035,17,20,10,56,6,6,3,19,6,6,3,12,3,4,3,11,2,4,1,14
0.60,0.040,17,20,9,56,6,6,3,19,6,6,3,12,3,4,3,11,2,4,0,14
0.60,0.045,18,20,8,56,6,6,3,19,6,6,2,12,3,4,3,11,3,4,0,14
0.60,0.050,18,20,8,56,6,6,3,19,6,6,2,12,3,4,3,11,3,4,0,14
0.60,0.055,19,20,6,56,6,6,2,19,6,6,2,12,3,4,2,11,4,4,0,14
0.60,0.060,19,20,5,56,6,6,2,19,6,6,1,12,3,4,2,11,4,4,0,14
0.60,0.065,19,20,4,56,6,6,1,19,6,6,1,12,3,4,2,11,4,4,0,14
0.60,0.070,19,20,4,56,6,6,1,19,6,6,1,12,3,4,2,11,4,4,0,14
0.60,0.075,19,20,4,56,6,6,1,19,6,6,1,12,3,4,2,11,4,4,0,14
0.60,0.080,19,20,3,56,6,6,0,19,6,6,1,12,3,4,2,11,4,4,0,14
0.60,0.085,19,20,3,56,6,6,0,19,6,6,1,12,3,4,2,11,4,4,0,14
0.60,0.090,20,20,3,56,6,6,0,19,6,6,1,12,4,4,2,11,4,4,0,14
0.60,0.095,20,20,2,56,6,6,0,19,6,6,0,12,4,4,2,11,4,4,0,14
0.60,0.100,20,20,1,56,6,6,0,19,6,6,0,12,4,4,1,11,4,4,0,14
0.61,0.000,4,20,56,56,1,6,19,19,1,6,12,12,1,4,11,11,1,4,14,14
0.61,0.005,5,20,49,56,1,6,16,19,1,6,12,12,2,4,11,11,1,4,10,14
0.61,0.010,11,20,40,56,3,6,12,19,5,6,11,12,2,4,10,11,1,4,7,14
0.61,0.015,14,20,31,56,4,6,11,19,6,6,10,12,3,4,7,11,1,4,3,14
0.61,0.020,14,20,28,56,4,6,10,19,6,6,9,12,3,4,7,11,1,4,2,14
0.61,0.025,16,20,18,56,5,6,6,19,6,6,6,12,3,4,4,11,2,4,2,14
0.61,0.030,16,20,14,56,5,6,5,19,6,6,5,12,3,4,3,11,2,4,1,14
0.61,0.035,17,20,10,56,6,6,3,19,6,6,3,12,3,4,3,11,2,4,1,14
0.61,0.040,17,20,9,56,6,6,3,19,6,6,3,12,3,4,3,11,2,4,0,14
0.61,0.045,18,20,8,56,6,6,3,19,6,6,2,12,3,4,3,11,3,4,0,14
0.61,0.050,18,20,8,56,6,6,3,19,6,6,2,12,3,4,3,11,3,4,0,14
0.61,0.055,19,20,6,56,6,6,2,19,6,6,2,12,3,4,2,11,4,4,0,14
0.61,0.060,19,20,5,56,6,6,2,19,6,6,1,12,3,4,2,11,4,4,0,14
0.61,0.065,19,20,4,56,6,6,1,19,6,6,1,12,3,4,2,11,4,4,0,14
0.61,0.070,19,20,4,56,6,6,1,19,6,6,1,12,3,4,2,11,4,4,0,14
0.61,0.075,19,20,4,56,6,6,1,19,6,6,1,12,3,4,2,11,4,4,0,14
0.61,0.080,19,20,3,56,6,6,0,19,6,6,1,12,3,4,2,11,4,4,0,14
0.61,0.085,19,20,3,56,6,6,0,19,6,6,1,12,3,4,2,11,4,4,0,14
0.61,0.090,20,20,3,56,6,6,0,19,6,6,1,12,4,4,2,11,4,4,0,14
0.61,0.095,20,20,2,56,6,6,0,19,6,6,0,12,4,4,2,11,4,4,0,14
0.61,0.100,20,20,1,56,6,6,0,19,6,6,0,12,4,4,1,11,4,4,0,14
0.62,0.000,4,20,55,56,1,6,19,19,1,6,12,12,1,4,10,11,1,4,14,14
0.62,0.005,5,20,48,56,1,6,16,19,1,6,12,12,2,4,10,11,1,4,10,14
0.62,0.010,11,20,40,56,3,6,12,19,5,6,11,12,2,4,10,11,1,4,7,14
0.62,0.015,14,20,31,56,4,6,11,19,6,6,10,12,3,4,7,11,1,4,3,14
0.62,0.020,14,20,28,56,4,6,10,19,6,6,9,12,3,4,7,11,1,4,2,14
0.62,0.025,16,20,18,56,5,6,6,19,6,6,6,12,3,4,4,11,2,4,2,14
0.62,0.030,16,20,14,56,5,6,5,19,6,6,5,12,3,4,3,11,2,4,1,14
0.62,0.035,17,20,10,56,6,6,3,19,6,6,3,12,3,4,3,11,2,4,1,14
0.62,0.040,17,20,9,56,6,6,3,19,6,6,3,12,3,4,3,11,2,4,0,14
0.62,0.045,18,20,8,56,6,6,3,19,6,6,2,12,3,4,3,11,3,4,0,14
0.62,0.050,18,20,8,56,6,6,3,19,6,6,2,12,3,4,3,11,3,4,0,14
0.62,0.055,19,20,6,56,6,6,2,19,6,6,2,12,3,4,2,11,4,4,0,14
0.62,0.060,19,20,5,56,6,6,2,19,6,6,1,12,3,4,2,11,4,4,0,14
0.62,0.065,19,20,4,56,6,6,1,19,6,6,1,12,3,4,2,11,4,4,0,14
0.62,0.070,19,20,4,56,6,6,1,19,6,6,1,12,3,4,2,11,4,4,0,14
0.62,0.075,19,20,4,56,6,6,1,19,6,6,1,12,3,4,2,11,4,4,0,14
0.62,0.080,19,20,3,56,6,6,0,19,6,6,1,12,3,4,2,11,4,4,0,14
0.62,0.085,19,20,3,56,6,6,0,19,6,6,1,12,3,4,2,11,4,4,0,14
0.62,0.090,20,20,3,56,6,6,0,19,6,6,1,12,4,4,2,11,4,4,0,14
0.62,0.095,20,20,2,56,6,6,0,19,6,6,0,12,4,4,2,11,4,4,0,14
0.62,0.100,20,20,1,56,6,6,0,19,6,6,0,12,4,4,1,11,4,4,0,14
0.63,0.000,6,20,54,56,2,6,19,19,2,6,11,12,1,4,10,11,1,4,14,14
0.63,0.005,7,20,47,56,2,6,16,19,2,6,11,12,2,4,10,11,1,4,10,14
0.63,0.010,12,20,39,56,3,6,12,19,6,6,10,12,2,4,10,11,1,4,7,14
0.63,0.015,14,20,30,56,4,6,11,19,6,6,9,12,3,4,7,11,1,4,3,14
0.63,0.020,14,20,27,56,4,6,10,19,6,6,8,12,3,4,7,11,1,4,2,14
0.63,0.025,16,20,18,56,5,6,6,19,6,6,6,12,3,4,4,11,2,4,2,14
0.63,0.030,16,20,14,56,5,6,5,19,6,6,5,12,3,4,3,11,2,4,1,14
0.63,0.035,17,20,10,56,6,6,3,19,6,6,3,12,3,4,3,11,2,4,1,14
0.63,0.040,17,20,9,56,6,6,3,19,6,6,3,12,3,4,3,11,2,4,0,14
0.63,0.045,18,20,8,56,6,6,3,19,6,6,2,12,3,4,3,11,3,4,0,14
0.63,0.050,18,20,8,56,6,6,3,19,6,6,2,12,3,4,3,11,3,4,0,14
0.63,0.055,19,20,6,56,6,6,2,19,6,6,2,12,3,4,2,11,4,4,0,14
0.63,0.060,19,20,5,56,6,6,2,19,6,6,1,12,3,4,2,11,4,4,0,14
0.63,0.065,19,20,4,56,6,6,1,19,6,6,1,12,3,4,2,11,4,4,0,14
0.63,0.070,19,20,4,56,6,6,1,19,6,6,1,12,3,4,2,11,4,4,0,14
0.63,0.075,19,20,4,56,6,6,1,19,6,6,1,12,3,4,2,11,4,4,0,14
0.63,0.080,19,20,3,56,6,6,0,19,6,6,1,12,3,4,2,11,4,4,0,14
0.63,0.085,19,20,3,56,6,6,0,19,6,6,1,12,3,4,2,11,4,4,0,14
0.63,0.090,20,20,3,56,6,6,0,19,6,6,1,12,4,4,2,11,4,4,0,14
0.63,0.095,20,20,2,56,6,6,0,19,6,6,0,12,4,4,2,11,4,4,0,14
0.63,0.100,20,20,1,56,6,6,0,19,6,6,0,12,4,4,1,11,4,4,0,14
0.64,0.000,6,20,50,56,2,6,17,19,2,6,11,12,1,4,10,11,1,4,12,14
0.64,0.005,7,20,43,56,2,6,14,19,2,6,11,12,2,4,10,11,1,4,8,14
0.64,0.010,12,20,37,56,3,6,11,19,6,6,10,12,2,4,10,11,1,4,6,14
0.64,0.015,14,20,28,56,4,6,10,19,6,6,9,12,3,4,7,11,1,4,2,14
0.64,0.020,14,20,26,56,4,6,9,19,6,6,8,12,3,4,7,11,1,4,2,14
0.64,0.025,16,20,17,56,5,6,5,19,6,6,6,12,3,4,4,11,2,4,2,14
0.64,0.030,16,20,13,56,5,6,4,19,6,6,5,12,3,4,3,11,2,4,1,14
0.64,0.035,17,20,10,56,6,6,3,19,6,6,3,12,3,4,3,11,2,4,1,14
0.64,0.040,17,20,9,56,6,6,3,19,6,6,3,12,3,4,3,11,2,4,0,14
0.64,0.045,18,20,8,56,6,6,3,19,6,6,2,12,3,4,3,11,3,4,0,14
0.64,0.050,18,20,8,56,6,6,3,19,6,6,2,12,3,4,3,11,3,4,0,14
0.64,0.055,19,20,6,56,6,6,2,19,6,6,2,12,3,4,2,11,4,4,0,14
0.64,0.060,19,20,5,56,6,6,2,19,6,6,1,12,3,4,2,11,4,4,0,14
0.64,0.065,19,20,4,56,6,6,1,19,6,6,1,12,3,4,2,11,4,4,0,14
0.64,0.070,19,20,4,56,6,6,1,19,6,6,1,12,3,4,2,11,4,4,0,14
0.64,0.075,19,20,4,56,6,6,1,19,6,6,1,12,3,4,2,11,4,4,0,14
0.64,0.080,19,20,3,56,6,6,0,19,6,6,1,12,3,4,2,11,4,4,0,14
0.64,0.085,19,20,3,56,6,6,0,19,6,6,1,12,3,4,2,11,4,4,0,14
0.64,0.090,20,20,3,56,6,6,0,19,6,6,1,12,4,4,2,11,4,4,0,14
0.64,0.095,20,20,2,56,6,6,0,19,6,6,0,12,4,4,2,11,4,4,0,14
0.64,0.100,20,20,1,56,6,6,0,19,6,6,0,12,4,4,1,11,4,4,0,14
0.65,0.000,9,20,48,56,2,6,17,19,4,6,11,12,1,4,9,11,2,4,11,14
0.65,0.005,10,20,42,56,2,6,14,19,4,6,11,12,2,4,9,11,2,4,8,14
0.65,0.010,13,20,36,56,3,6,11,19,6,6,10,12,2,4,9,11,2,4,6,14
0.65,0.015,15,20,28,56,4,6,10,19,6,6,9,12,3,4,7,11,2,4,2,14
0.65,0.020,15,20,26,56,4,6,9,19,6,6,8,12,3,4,7,11,2,4,2,14
0.65,0.025,16,20,17,56,5,6,5,19,6,6,6,12,3,4,4,11,2,4,2,14
0.65,0.030,16,20,13,56,5,6,4,19,6,6,5,12,3,4,3,11,2,4,1,14
0.65,0.035,17,20,10,56,6,6,3,19,6,6,3,12,3,4,3,11,2,4,1,14
0.65,0.040,17,20,9,56,6,6,3,19,6,6,3,12,3,4,3,11,2,4,0,14
0.65,0.045,18,20,8,56,6,6,3,19,6,6,2,12,3,4,3,11,3,4,0,14
0.65,0.050,18,20,8,56,6,6,3,19,6,6,2,12,3,4,3,11,3,4,0,14
0.65,0.055,19,20,6,56,6,6,2,19,6,6,2,12,3,4,2,11,4,4,0,14
0.65,0.060,19,20,5,56,6,6,2,19,6,6,1,12,3,4,2,11,4,4,0,14
0.65,0.065,19,20,4,56,6,6,1,19,6,6,1,12,3,4,2,11,4,4,0,14
0.65,0.070,19,20,4,56,6,6,1,19,6,6,1,12,3,4,2,11,4,4,0,14
0.65,0.075,19,20,4,56,6,6,1,19,6,6,1,12,3,4,2,11,4,4,0,14
0.65,0.080,19,20,3,56,6,6,0,19,6,6,1,12,3,4,2,11,4,4,0,14
0.65,0.085,19,20,3,56,6,6,0,19,6,6,1,12,3,4,2,11,4,4,0,14
0.65,0.090,20,20,3,56,6,6,0,19,6,6,1,12,4,4,2,11,4,4,0,14
0.65,0.095,20,20,2,56,6,6,0,19,6,6,0,12,4,4,2,11,4,4,0,14
0.65,0.100,20,20,1,56,6,6,0,19,6,6,0,12,4,4,1,11,4,4,0,14
0.66,0.000,11,20,42,56,3,6,17,19,4,6,7,12,1,4,8,11,3,4,10,14
0.66,0.005,12,20,37,56,3,6,14,19,4,6,7,12,2,4,8,11,3,4,8,14
0.66,0.010,14,20,31,56,3,6,11,19,6,6,6,12,2,4,8,11,3,4,6,14
0.66,0.015,16,20,24,56,4,6,10,19,6,6,6,12,3,4,6,11,3,4,2,14
0.66,0.020,16,20,22,56,4,6,9,19,6,6,5,12,3,4,6,11,3,4,2,14
0.66,0.025,17,20,14,56,5,6,5,19,6,6,4,12,3,4,3,11,3,4,2,14
0.66,0.030,17,20,12,56,5,6,4,19,6,6,4,12,3,4,3,11,3,4,1,14
0.66,0.035,18,20,10,56,6,6,3,19,6,6,3,12,3,4,3,11,3,4,1,14
0.66,0.040,18,20,9,56,6,6,3,19,6,6,3,12,3,4,3,11,3,4,0,14
0.66,0.045,18,20,8,56,6,6,3,19,6,6,2,12,3,4,3,11,3,4,0,14
0.66,0.050,18,20,8,56,6,6,3,19,6,6,2,12,3,4,3,11,3,4,0,14
0.66,0.055,19,20,6,56,6,6,2,19,6,6,2,12,3,4,2,11,4,4,0,14
0.66,0.060,19,20,5,56,6,6,2,19,6,6,1,12,3,4,2,11,4,4,0,14
0.66,0.065,19,20,4,56,6,6,1,19,6,6,1,12,3,4,2,11,4,4,0,14
0.66,0.070,19,20,4,56,6,6,1,19,6,6,1,12,3,4,2,11,4,4,0,14
0.66,0.075,19,20,4,56,6,6,1,19,6,6,1,12,3,4,2,11,4,4,0,14
0.66,0.080,19,20,3,56,6,6,0,19,6,6,1,12,3,4,2,11,4,4,0,14
0.66,0.085,19,20,3,56,6,6,0,19,6,6,1,12,3,4,2,11,4,4,0,14
0.66,0.090,20,20,3,56,6,6,0,19,6,6,1,12,4,4,2,11,4,4,0,14
0.66,0.095,20,20,2,56,6,6,0,19,6,6,0,12,4,4,2,11,4,4,0,14
0.66,0.100,20,20,1,56,6,6,0,19,6,6,0,12,4,4,1,11,4,4,0,14
0.67,0.000,13,20,37,56,3,6,15,19,5,6,7,12,2,4,7,11,3,4,8,14
0.67,0.005,13,20,32,56,3,6,12,19,5,6,7,12,2,4,7,11,3,4,6,14
0.67,0.010,14,20,27,56,3,6,10,19,6,6,6,12,2,4,7,11,3,4,4,14
0.67,0.015,16,20,22,56,4,6,9,19,6,6,6,12,3,4,5,11,3,4,2,14
0.67,0.020,16,20,20,56,4,6,8,19,6,6,5,12,3,4,5,11,3,4,2,14
0.67,0.025,17,20,14,56,5,6,5,19,6,6,4,12,3,4,3,11,3,4,2,14
0.67,0.030,17,20,12,56,5,6,4,19,6,6,4,12,3,4,3,11,3,4,1,14
0.67,0.035,18,20,10,56,6,6,3,19,6,6,3,12,3,4,3,11,3,4,1,14
0.67,0.040,18,20,9,56,6,6,3,19,6,6,3,12,3,4,3,11,3,4,0,14
0.67,0.045,18,20,8,56,6,6,3,19,6,6,2,12,3,4,3,11,3,4,0,14
0.67,0.050,18,20,8,56,6,6,3,19,6,6,2,12,3,4,3,11,3,4,0,14
0.67,0.055,19,20,6,56,6,6,2,19,6,6,2,12,3,4,2,11,4,4,0,14
0.67,0.060,19,20,5,56,6,6,2,19,6,6,1,12,3,4,2,11,4,4,0,14
0.67,0.065,19,20,4,56,6,6,1,19,6,6,1,12,3,4,2,11,4,4,0,14
0.67,0.070,19,20,4,56,6,6,1,19,6,6,1,12,3,4,2,11,4,4,0,14
0.67,0.075,19,20,4,56,6,6,1,19,6,6,1,12,3,4,2,11,4,4,0,14
0.67,0.080,19,20,3,56,6,6,0,19,6,6,1,12,3,4,2,11,4,4,0,14
0.67,0.085,19,20,3,56,6,6,0,19,6,6,1,12,3,4,2,11,4,4,0,14
0.67,0.090,20,20,3,56,6,6,0,19,6,6,1,12,4,4,2,11,4,4,0,14
0.67,0.095,20,20,2,56,6,6,0,19,6,6,0,12,4,4,2,11,4,4,0,14
0.67,0.100,20,20,1,56,6,6,0,19,6,6,0,12,4,4,1,11,4,4,0,14
0.68,0.000,13,20,36,56,3,6,14,19,5,6,7,12,2,4,7,11,3,4,8,14
0.68,0.005,13,20,32,56,3,6,12,19,5,6,7,12,2,4,7,11,3,4,6,14
0.68,0.010,14,20,27,56,3,6,10,19,6,6,6,12,2,4,7,11,3,4,4,14
0.68,0.015,16,20,22,56,4,6,9,19,6,6,6,12,3,4,5,11,3,4,2,14
0.68,0.020,16,20,20,56,4,6,8,19,6,6,5,12,3,4,5,11,3,4,2,14
0.68,0.025,17,20,14,56,5,6,5,19,6,6,4,12,3,4,3,11,3,4,2,14
0.68,0.030,17,20,12,56,5,6,4,19,6,6,4,12,3,4,3,11,3,4,1,14
0.68,0.035,18,20,10,56,6,6,3,19,6,6,3,12,3,4,3,11,3,4,1,14
0.68,0.040,18,20,9,56,6,6,3,19,6,6,3,12,3,4,3,11,3,4,0,14
0.68,0.045,18,20,8,56,6,6,3,19,6,6,2,12,3,4,3,11,3,4,0,14
0.68,0.050,18,20,8,56,6,6,3,19,6,6,2,12,3,4,3,11,3,4,0,14
0.68,0.055,19,20,6,56,6,6,2,19,6,6,2,12,3,4,2,11,4,4,0,14
0.68,0.060,19,20,5,56,6,6,2,19,6,6,1,12,3,4,2,11,4,4,0,14
0.68,0.065,19,20,4,56,6,6,1,19,6,6,1,12,3,4,2,11,4,4,0,14
0.68,0.070,19,20,4,56,6,6,1,19,6,6,1,12,3,4,2,11,4,4,0,14
0.68,0.075,19,20,4,56,6,6,1,19,6,6,1,12,3,4,2,11,4,4,0,14
0.68,0.080,19,20,3,56,6,6,0,19,6,6,1,12,3,4,2,11,4,4,0,14
0.68,0.085,19,20,3,56,6,6,0,19,6,6,1,12,3,4,2,11,4,4,0,14
0.68,0.090,20,20,3,56,6,6,0,19,6,6,1,12,4,4,2,11,4,4,0,14
0.68,0.095,20,20,2,56,6,6,0,19,6,6,0,12,4,4,2,11,4,4,0,14
0.68,0.100,20,20,1,56,6,6,0,19,6,6,0,12,4,4,1,11,4,4,0,14
0.69,0.000,13,20,28,56,3,6,13,19,5,6,6,12,2,4,7,11,3,4,2,14
0.69,0.005,13,20,26,56,3,6,12,19,5,6,6,12,2,4,7,11,3,4,1,14
0.69,0.010,14,20,24,56,3,6,10,19,6,6,6,12,2,4,7,11,3,4,1,14
0.69,0.015,16,20,20,56,4,6,9,19,6,6,6,12,3,4,5,11,3,4,0,14
0.69,0.020,16,20,18,56,4,6,8,19,6,6,5,12,3,4,5,11,3,4,0,14
0.69,0.025,17,20,12,56,5,6,5,19,6,6,4,12,3,4,3,11,3,4,0,14
0.69,0.030,17,20,11,56,5,6,4,19,6,6,4,12,3,4,3,11,3,4,0,14
0.69,0.035,18,20,9,56,6,6,3,19,6,6,3,12,3,4,3,11,3,4,0,14
0.69,0.040,18,20,9,56,6,6,3,19,6,6,3,12,3,4,3,11,3,4,0,14
0.69,0.045,18,20,8,56,6,6,3,19,6,6,2,12,3,4,3,11,3,4,0,14
0.69,0.050,18,20,8,56,6,6,3,19,6,6,2,12,3,4,3,11,3,4,0,14
0.69,0.055,19,20,6,56,6,6,2,19,6,6,2,12,3,4,2,11,4,4,0,14
0.69,0.060,19,20,5,56,6,6,2,19,6,6,1,12,3,4,2,11,4,4,0,14
0.69,0.065,19,20,4,56,6,6,1,19,6,6,1,12,3,4,2,11,4,4,0,14
0.69,0.070,19,20,4,56,6,6,1,19,6,6,1,12,3,4,2,11,4,4,0,14
0.69,0.075,19,20,4,56,6,6,1,19,6,6,1,12,3,4,2,11,4,4,0,14
0.69,0.080,19,20,3,56,6,6,0,19,6,6,1,12,3,4,2,11,4,4,0,14
0.69,0.085,19,20,3,56,6,6,0,19,6,6,1,12,3,4,2,11,4,4,0,14
0.69,0.090,20,20,3,56,6,6,0,19,6,6,1,12,4,4,2,11,4,4,0,14
0.69,0.095,20,20,2,56,6,6,0,19,6,6,0,12,4,4,2,11,4,4,0,14
0.69,0.100,20,20,1,56,6,6,0,19,6,6,0,12,4,4,1,11,4,4,0,14
0.70,0.000,15,20,23,56,4,6,9,19,5,6,6,12,3,4,7,11,3,4,1,14
0.70,0.005,15,20,21,56,4,6,8,19,5,6,6,12,3,4,7,11,3,4,0,14
0.70,0.010,16,20,20,56,4,6,7,19,6,6,6,12,3,4,7,11,3,4,0,14
0.70,0.015,17,20,18,56,5,6,7,19,6,6,6,12,3,4,5,11,3,4,0,14
0.70,0.020,17,20,17,56,5,6,7,19,6,6,5,12,3,4,5,11,3,4,0,14
0.70,0.025,18,20,11,56,6,6,4,19,6,6,4,12,3,4,3,11,3,4,0,14
0.70,0.030,18,20,10,56,6,6,3,19,6,6,4,12,3,4,3,11,3,4,0,14
0.70,0.035,18,20,9,56,6,6,3,19,6,6,3,12,3,4,3,11,3,4,0,14
0.70,0.040,18,20,9,56,6,6,3,19,6,6,3,12,3,4,3,11,3,4,0,14
0.70,0.045,18,20,8,56,6,6,3,19,6,6,2,12,3,4,3,11,3,4,0,14
0.70,0.050,18,20,8,56,6,6,3,19,6,6,2,12,3,4,3,11,3,4,0,14
0.70,0.055,19,20,6,56,6,6,2,19,6,6,2,12,3,4,2,11,4,4,0,14
0.70,0.060,19,20,5,56,6,6,2,19,6,6,1,12,3,4,2,11,4,4,0,14
0.70,0.065,19,20,4,56,6,6,1,19,6,6,1,12,3,4,2,11,4,4,0,14
0.70,0.070,19,20,4,56,6,6,1,19,6,6,1,12,3,4,2,11,4,4,0,14
0.70,0.075,19,20,4,56,6,6,1,19,6,6,1,12,3,4,2,11,4,4,0,14
0.70,0.080,19,20,3,56,6,6,0,19,6,6,1,12,3,4,2,11,4,4,0,14
0.70,0.085,19,20,3,56,6,6,0,19,6,6,1,12,3,4,2,11,4,4,0,14
0.70,0.090,20,20,3,56,6,6,0,19,6,6,1,12,4,4,2,11,4,4,0,14
0.70,0.095,20,20,2,56,6,6,0,19,6,6,0,12,4,4,2,11,4,4,0,14
0.70,0.100,20,20,1,56,6,6,0,19,6,6,0,12,4,4,1,11,4,4,0,14
0.71,0.000,17,20,21,56,5,6,9,19,6,6,4,12,3,4,7,11,3,4,1,14
0.71,0.005,17,20,19,56,5,6,8,19,6,6,4,12,3,4,7,11,3,4,0,14
0.71,0.010,17,20,18,56,5,6,7,19,6,6,4,12,3,4,7,11,3,4,0,14
0.71,0.015,17,20,16,56,5,6,7,19,6,6,4,12,3,4,5,11,3,4,0,14
0.71,0.020,17,20,16,56,5,6,7,19,6,6,4,12,3,4,5,11,3,4,0,14
0.71,0.025,18,20,10,56,6,6,4,19,6,6,3,12,3,4,3,11,3,4,0,14
0.71,0.030,18,20,9,56,6,6,3,19,6,6,3,12,3,4,3,11,3,4,0,14
0.71,0.035,18,20,8,56,6,6,3,19,6,6,2,12,3,4,3,11,3,4,0,14
0.71,0.040,18,20,8,56,6,6,3,19,6,6,2,12,3,4,3,11,3,4,0,14
0.71,0.045,18,20,7,56,6,6,3,19,6,6,1,12,3,4,3,11,3,4,0,14
0.71,0.050,18,20,7,56,6,6,3,19,6,6,1,12,3,4,3,11,3,4,0,14
0.71,0.055,19,20,5,56,6,6,2,19,6,6,1,12,3,4,2,11,4,4,0,14
0.71,0.060,19,20,5,56,6,6,2,19,6,6,1,12,3,4,2,11,4,4,0,14
0.71,0.065,19,20,4,56,6,6,1,19,6,6,1,12,3,4,2,11,4,4,0,14
0.71,0.070,19,20,4,56,6,6,1,19,6,6,1,12,3,4,2,11,4,4,0,14
0.71,0.075,19,20,4,56,6,6,1,19,6,6,1,12,3,4,2,11,4,4,0,14
0.71,0.080,19,20,3,56,6,6,0,19,6,6,1,12,3,4,2,11,4,4,0,14
0.71,0.085,19,20,3,56,6,6,0,19,6,6,1,12,3,4,2,11,4,4,0,14
0.71,0.090,20,20,3,56,6,6,0,19,6,6,1,12,4,4,2,11,4,4,0,14
0.71,0.095,20,20,2,56,6,6,0,19,6,6,0,12,4,4,2,11,4,4,0,14
0.71,0.100,20,20,1,56,6,6,0,19,6,6,0,12,4,4,1,11,4,4,0,14
0.72,0.000,17,20,15,56,5,6,6,19,6,6,3,12,3,4,6,11,3,4,0,14
0.72,0.005,17,20,15,56,5,6,6,19,6,6,3,12,3,4,6,11,3,4,0,14
0.72,0.010,17,20,14,56,5,6,5,19,6,6,3,12,3,4,6,11,3,4,0,14
0.72,0.015,17,20,13,56,5,6,5,19,6,6,3,12,3,4,5,11,3,4,0,14
0.72,0.020,17,20,13,56,5,6,5,19,6,6,3,12,3,4,5,11,3,4,0,14
0.72,0.025,18,20,8,56,6,6,3,19,6,6,2,12,3,4,3,11,3,4,0,14
0.72,0.030,18,20,7,56,6,6,2,19,6,6,2,12,3,4,3,11,3,4,0,14
0.72,0.035,18,20,6,56,6,6,2,19,6,6,1,12,3,4,3,11,3,4,0,14
0.72,0.040,18,20,6,56,6,6,2,19,6,6,1,12,3,4,3,11,3,4,0,14
0.72,0.045,18,20,6,56,6,6,2,19,6,6,1,12,3,4,3,11,3,4,0,14
0.72,0.050,18,20,6,56,6,6,2,19,6,6,1,12,3,4,3,11,3,4,0,14
0.72,0.055,19,20,4,56,6,6,1,19,6,6,1,12,3,4,2,11,4,4,0,14
0.72,0.060,19,20,4,56,6,6,1,19,6,6,1,12,3,4,2,11,4,4,0,14
0.72,0.065,19,20,4,56,6,6,1,19,6,6,1,12,3,4,2,11,4,4,0,14
0.72,0.070,19,20,4,56,6,6,1,19,6,6,1,12,3,4,2,11,4,4,0,14
0.72,0.075,19,20,4,56,6,6,1,19,6,6,1,12,3,4,2,11,4,4,0,14
0.72,0.080,19,20,3,56,6,6,0,19,6,6,1,12,3,4,2,11,4,4,0,14
0.72,0.085,19,20,3,56,6,6,0,19,6,6,1,12,3,4,2,11,4,4,0,14
0.72,0.090,20,20,3,56,6,6,0,19,6,6,1,12,4,4,2,11,4,4,0,14
0.72,0.095,20,20,2,56,6,6,0,19,6,6,0,12,4,4,2,11,4,4,0,14
0.72,0.100,20,20,1,56,6,6,0,19,6,6,0,12,4,4,1,11,4,4,0,14
0.73,0.000,18,20,14,56,6,6,6,19,6,6,2,12,3,4,6,11,3,4,0,14
0.73,0.005,18,20,14,56,6,6,6,19,6,6,2,12,3,4,6,11,3,4,0,14
0.73,0.010,18,20,13,56,6,6,5,19,6,6,2,12,3,4,6,11,3,4,0,14
0.73,0.015,18,20,12,56,6,6,5,19,6,6,2,12,3,4,5,11,3,4,0,14
0.73,0.020,18,20,12,56,6,6,5,19,6,6,2,12,3,4,5,11,3,4,0,14
0.73,0.025,18,20,7,56,6,6,3,19,6,6,1,12,3,4,3,11,3,4,0,14
0.73,0.030,18,20,6,56,6,6,2,19,6,6,1,12,3,4,3,11,3,4,0,14
0.73,0.035,18,20,5,56,6,6,2,19,6,6,0,12,3,4,3,11,3,4,0,14
0.73,0.040,18,20,5,56,6,6,2,19,6,6,0,12,3,4,3,11,3,4,0,14
0.73,0.045,18,20,5,56,6,6,2,19,6,6,0,12,3,4,3,11,3,4,0,14
0.73,0.050,18,20,5,56,6,6,2,19,6,6,0,12,3,4,3,11,3,4,0,14
0.73,0.055,19,20,3,56,6,6,1,19,6,6,0,12,3,4,2,11,4,4,0,14
0.73,0.060,19,20,3,56,6,6,1,19,6,6,0,12,3,4,2,11,4,4,0,14
0.73,0.065,19,20,3,56,6,6,1,19,6,6,0,12,3,4,2,11,4,4,0,14
0.73,0.070,19,20,3,56,6,6,1,19,6,6,0,12,3,4,2,11,4,4,0,14
0.73,0.075,19,20,3,56,6,6,1,19,6,6,0,12,3,4,2,11,4,4,0,14
0.73,0.080,19,20,2,56,6,6,0,19,6,6,0,12,3,4,2,11,4,4,0,14
0.73,0.085,19,20,2,56,6,6,0,19,6,6,0,12,3,4,2,11,4,4,0,14
0.73,0.090,20,20,2,56,6,6,0,19,6,6,0,12,4,4,2,11,4,4,0,14
0.73,0.095,20,20,2,56,6,6,0,19,6,6,0,12,4,4,2,11,4,4,0,14
0.73,0.100,20,20,1,56,6,6,0,19,6,6,0,12,4,4,1,11,4,4,0,14
0.74,0.000,18,20,6,56,6,6,3,19,6,6,1,12,3,4,2,11,3,4,0,14
0.74,0.005,18,20,6,56,6,6,3,19,6,6,1,12,3,4,2,11,3,4,0,14
0.74,0.010,18,20,6,56,6,6,3,19,6,6,1,12,3,4,2,11,3,4,0,14
0.74,0.015,18,20,6,56,6,6,3,19,6,6,1,12,3,4,2,11,3,4,0,14
0.74,0.020,18,20,6,56,6,6,3,19,6,6,1,12,3,4,2,11,3,4,0,14
0.74,0.025,18,20,4,56,6,6,3,19,6,6,0,12,3,4,1,11,3,4,0,14
0.74,0.030,18,20,3,56,6,6,2,19,6,6,0,12,3,4,1,11,3,4,0,14
0.74,0.035,18,20,3,56,6,6,2,19,6,6,0,12,3,4,1,11,3,4,0,14
0.74,0.040,18,20,3,56,6,6,2,19,6,6,0,12,3,4,1,11,3,4,0,14
0.74,0.045,18,20,3,56,6,6,2,19,6,6,0,12,3,4,1,11,3,4,0,14
0.74,0.050,18,20,3,56,6,6,2,19,6,6,0,12,3,4,1,11,3,4,0,14
0.74,0.055,19,20,2,56,6,6,1,19,6,6,0,12,3,4,1,11,4,4,0,14
0.74,0.060,19,20,2,56,6,6,1,19,6,6,0,12,3,4,1,11,4,4,0,14
0.74,0.065,19,20,2,56,6,6,1,19,6,6,0,12,3,4,1,11,4,4,0,14
0.74,0.070,19,20,2,56,6,6,1,19,6,6,0,12,3,4,1,11,4,4,0,14
0.74,0.075,19,20,2,56,6,6,1,19,6,6,0,12,3,4,1,11,4,4,0,14
0.74,0.080,19,20,1,56,6,6,0,19,6,6,0,12,3,4,1,11,4,4,0,14
0.74,0.085,19,20,1,56,6,6,0,19,6,6,0,12,3,4,1,11,4,4,0,14
0.74,0.090,20,20,1,56,6,6,0,19,6,6,0,12,4,4,1,11,4,4,0,14
0.74,0.095,20,20,1,56,6,6,0,19,6,6,0,12,4,4,1,11,4,4,0,14
0.74,0.100,20,20,1,56,6,6,0,19,6,6,0,12,4,4,1,11,4,4,0,14
0.75,0.000,19,20,3,56,6,6,2,19,6,6,0,12,3,4,1,11,4,4,0,14
0.75,0.005,19,20,3,56,6,6,2,19,6,6,0,12,3,4,1,11,4,4,0,14
0.75,0.010,19,20,3,56,6,6,2,19,6,6,0,12,3,4,1,11,4,4,0,14
0.75,0.015,19,20,3,56,6,6,2,19,6,6,0,12,3,4,1,11,4,4,0,14
0.75,0.020,19,20,3,56,6,6,2,19,6,6,0,12,3,4,1,11,4,4,0,14
0.75,0.025,19,20,3,56,6,6,2,19,6,6,0,12,3,4,1,11,4,4,0,14
0.75,0.030,19,20,3,56,6,6,2,19,6,6,0,12,3,4,1,11,4,4,0,14
0.75,0.035,19,20,3,56,6,6,2,19,6,6,0,12,3,4,1,11,4,4,0,14
0.75,0.040,19,20,3,56,6,6,2,19,6,6,0,12,3,4,1,11,4,4,0,14
0.75,0.045,19,20,3,56,6,6,2,19,6,6,0,12,3,4,1,11,4,4,0,14
0.75,0.050,19,20,3,56,6,6,2,19,6,6,0,12,3,4,1,11,4,4,0,14
0.75,0.055,19,20,2,56,6,6,1,19,6,6,0,12,3,4,1,11,4,4,0,14
0.75,0.060,19,20,2,56,6,6,1,19,6,6,0,12,3,4,1,11,4,4,0,14
0.75,0.065,19,20,2,56,6,6,1,19,6,6,0,12,3,4,1,11,4,4,0,14
0.75,0.070,19,20,2,56,6,6,1,19,6,6,0,12,3,4,1,11,4,4,0,14
0.75,0.075,19,20,2,56,6,6,1,19,6,6,0,12,3,4,1,11,4,4,0,14
0.75,0.080,19,20,1,56,6,6,0,19,6,6,0,12,3,4,1,11,4,4,0,14
0.75,0.085,19,20,1,56,6,6,0,19,6,6,0,12,3,4,1,11,4,4,0,14
0.75,0.090,20,20,1,56,6,6,0,19,6,6,0,12,4,4,1,11,4,4,0,14
0.75,0.095,20,20,1,56,6,6,0,19,6,6,0,12,4,4,1,11,4,4,0,14
0.75,0.100,20,20,1,56,6,6,0,19,6,6,0,12,4,4,1,11,4,4,0,14
0.76,0.000,19,20,2,56,6,6,1,19,6,6,0,12,3,4,1,11,4,4,0,14
0.76,0.005,19,20,2,56,6,6,1,19,6,6,0,12,3,4,1,11,4,4,0,14
0.76,0.010,19,20,2,56,6,6,1,19,6,6,0,12,3,4,1,11,4,4,0,14
0.76,0.015,19,20,2,56,6,6,1,19,6,6,0,12,3,4,1,11,4,4,0,14
0.76,0.020,19,20,2,56,6,6,1,19,6,6,0,12,3,4,1,11,4,4,0,14
0.76,0.025,19,20,2,56,6,6,1,19,6,6,0,12,3,4,1,11,4,4,0,14
0.76,0.030,19,20,2,56,6,6,1,19,6,6,0,12,3,4,1,11,4,4,0,14
0.76,0.035,19,20,2,56,6,6,1,19,6,6,0,12,3,4,1,11,4,4,0,14
0.76,0.040,19,20,2,56,6,6,1,19,6,6,0,12,3,4,1,11,4,4,0,14
0.76,0.045,19,20,2,56,6,6,1,19,6,6,0,12,3,4,1,11,4,4,0,14
0.76,0.050,19,20,2,56,6,6,1,19,6,6,0,12,3,4,1,11,4,4,0,14
0.76,0.055,19,20,2,56,6,6,1,19,6,6,0,12,3,4,1,11,4,4,0,14
0.76,0.060,19,20,2,56,6,6,1,19,6,6,0,12,3,4,1,11,4,4,0,14
0.76,0.065,19,20,2,56,6,6,1,19,6,6,0,12,3,4,1,11,4,4,0,14
0.76,0.070,19,20,2,56,6,6,1,19,6,6,0,12,3,4,1,11,4,4,0,14
0.76,0.075,19,20,2,56,6,6,1,19,6,6,0,12,3,4,1,11,4,4,0,14
0.76,0.080,19,20,1,56,6,6,0,19,6,6,0,12,3,4,1,11,4,4,0,14
0.76,0.085,19,20,1,56,6,6,0,19,6,6,0,12,3,4,1,11,4,4,0,14
0.76,0.090,20,20,1,56,6,6,0,19,6,6,0,12,4,4,1,11,4,4,0,14
0.76,0.095,20,20,1,56,6,6,0,19,6,6,0,12,4,4,1,11,4,4,0,14
0.76,0.100,20,20,1,56,6,6,0,19,6,6,0,12,4,4,1,11,4,4,0,14
0.77,0.000,19,20,2,56,6,6,1,19,6,6,0,12,3,4,1,11,4,4,0,14
0.77,0.005,19,20,2,56,6,6,1,19,6,6,0,12,3,4,1,11,4,4,0,14
0.77,0.010,19,20,2,56,6,6,1,19,6,6,0,12,3,4,1,11,4,4,0,14
0.77,0.015,19,20,2,56,6,6,1,19,6,6,0,12,3,4,1,11,4,4,0,14
0.77,0.020,19,20,2,56,6,6,1,19,6,6,0,12,3,4,1,11,4,4,0,14
0.77,0.025,19,20,2,56,6,6,1,19,6,6,0,12,3,4,1,11,4,4,0,14
0.77,0.030,19,20,2,56,6,6,1,19,6,6,0,12,3,4,1,11,4,4,0,14
0.77,0.035,19,20,2,56,6,6,1,19,6,6,0,12,3,4,1,11,4,4,0,14
0.77,0.040,19,20,2,56,6,6,1,19,6,6,0,12,3,4,1,11,4,4,0,14
0.77,0.045,19,20,2,56,6,6,1,19,6,6,0,12,3,4,1,11,4,4,0,14
0.77,0.050,19,20,2,56,6,6,1,19,6,6,0,12,3,4,1,11,4,4,0,14
0.77,0.055,19,20,2,56,6,6,1,19,6,6,0,12,3,4,1,11,4,4,0,14
0.77,0.060,19,20,2,56,6,6,1,19,6,6,0,12,3,4,1,11,4,4,0,14
0.77,0.065,19,20,2,56,6,6,1,19,6,6,0,12,3,4,1,11,4,4,0,14
0.77,0.070,19,20,2,56,6,6,1,19,6,6,0,12,3,4,1,11,4,4,0,14
0.77,0.075,19,20,2,56,6,6,1,19,6,6,0,12,3,4,1,11,4,4,0,14
0.77,0.080,19,20,1,56,6,6,0,19,6,6,0,12,3,4,1,11,4,4,0,14
0.77,0.085,19,20,1,56,6,6,0,19,6,6,0,12,3,4,1,11,4,4,0,14
0.77,0.090,20,20,1,56,6,6,0,19,6,6,0,12,4,4,1,11,4,4,0,14
0.77,0.095,20,20,1,56,6,6,0,19,6,6,0,12,4,4,1,11,4,4,0,14
0.77,0.100,20,20,1,56,6,6,0,19,6,6,0,12,4,4,1,11,4,4,0,14
0.78,0.000,19,20,2,56,6,6,1,19,6,6,0,12,3,4,1,11,4,4,0,14
0.78,0.005,19,20,2,56,6,6,1,19,6,6,0,12,3,4,1,11,4,4,0,14
0.78,0.010,19,20,2,56,6,6,1,19,6,6,0,12,3,4,1,11,4,4,0,14
0.78,0.015,19,20,2,56,6,6,1,19,6,6,0,12,3,4,1,11,4,4,0,14
0.78,0.020,19,20,2,56,6,6,1,19,6,6,0,12,3,4,1,11,4,4,0,14
0.78,0.025,19,20,2,56,6,6,1,19,6,6,0,12,3,4,1,11,4,4,0,14
0.78,0.030,19,20,2,56,6,6,1,19,6,6,0,12,3,4,1,11,4,4,0,14
0.78,0.035,19,20,2,56,6,6,1,19,6,6,0,12,3,4,1,11,4,4,0,14
0.78,0.040,19,20,2,56,6,6,1,19,6,6,0,12,3,4,1,11,4,4,0,14
0.78,0.045,19,20,2,56,6,6,1,19,6,6,0,12,3,4,1,11,4,4,0,14
0.78,0.050,19,20,2,56,6,6,1,19,6,6,0,12,3,4,1,11,4,4,0,14
0.78,0.055,19,20,2,56,6,6,1,19,6,6,0,12,3,4,1,11,4,4,0,14
0.78,0.060,19,20,2,56,6,6,1,19,6,6,0,12,3,4,1,11,4,4,0,14
0.78,0.065,19,20,2,56,6,6,1,19,6,6,0,12,3,4,1,11,4,4,0,14
0.78,0.070,19,20,2,56,6,6,1,19,6,6,0,12,3,4,1,11,4,4,0,14
0.78,0.075,19,20,2,56,6,6,1,19,6,6,0,12,3,4,1,11,4,4,0,14
0.78,0.080,19,20,1,56,6,6,0,19,6,6,0,12,3,4,1,11,4,4,0,14
0.78,0.085,19,20,1,56,6,6,0,19,6,6,0,12,3,4,1,11,4,4,0,14
0.78,0.090,20,20,1,56,6,6,0,19,6,6,0,12,4,4,1,11,4,4,0,14
0.78,0.095,20,20,1,56,6,6,0,19,6,6,0,12,4,4,1,11,4,4,0,14
0.78,0.100,20,20,1,56,6,6,0,19,6,6,0,12,4,4,1,11,4,4,0,14
0.79,0.000,19,20,1,56,6,6,0,19,6,6,0,12,3,4,1,11,4,4,0,14
0.79,0.005,19,20,1,56,6,6,0,19,6,6,0,12,3,4,1,11,4,4,0,14
0.79,0.010,19,20,1,56,6,6,0,19,6,6,0,12,3,4,1,11,4,4,0,14
0.79,0.015,19,20,1,56,6,6,0,19,6,6,0,12,3,4,1,11,4,4,0,14
0.79,0.020,19,20,1,56,6,6,0,19,6,6,0,12,3,4,1,11,4,4,0,14
0.79,0.025,19,20,1,56,6,6,0,19,6,6,0,12,3,4,1,11,4,4,0,14
0.79,0.030,19,20,1,56,6,6,0,19,6,6,0,12,3,4,1,11,4,4,0,14
0.79,0.035,19,20,1,56,6,6,0,19,6,6,0,12,3,4,1,11,4,4,0,14
0.79,0.040,19,20,1,56,6,6,0,19,6,6,0,12,3,4,1,11,4,4,0,14
0.79,0.045,19,20,1,56,6,6,0,19,6,6,0,12,3,4,1,11,4,4,0,14
0.79,0.050,19,20,1,56,6,6,0,19,6,6,0,12,3,4,1,11,4,4,0,14
0.79,0.055,19,20,1,56,6,6,0,19,6,6,0,12,3,4,1,11,4,4,0,14
0.79,0.060,19,20,1,56,6,6,0,19,6,6,0,12,3,4,1,11,4,4,0,14
0.79,0.065,19,20,1,56,6,6,0,19,6,6,0,12,3,4,1,11,4,4,0,14
0.79,0.070,19,20,1,56,6,6,0,19,6,6,0,12,3,4,1,11,4,4,0,14
0.79,0.075,19,20,1,56,6,6,0,19,6,6,0,12,3,4,1,11,4,4,0,14
0.79,0.080,19,20,1,56,6,6,0,19,6,6,0,12,3,4,1,11,4,4,0,14
0.79,0.085,19,20,1,56,6,6,0,19,6,6,0,12,3,4,1,11,4,4,0,14
0.79,0.090,20,20,1,56,6,6,0,19,6,6,0,12,4,4,1,11,4,4,0,14
0.79,0.095,20,20,1,56,6,6,0,19,6,6,0,12,4,4,1,11,4,4,0,14
0.79,0.100,20,20,1,56,6,6,0,19,6,6,0,12,4,4,1,11,4,4,0,14
0.80,0.000,19,20,0,56,6,6,0,19,6,6,0,12,3,4,0,11,4,4,0,14
0.80,0.005,19,20,0,56,6,6,0,19,6,6,0,12,3,4,0,11,4,4,0,14
0.80,0.010,19,20,0,56,6,6,0,19,6,6,0,12,3,4,0,11,4,4,0,14
0.80,0.015,19,20,0,56,6,6,0,19,6,6,0,12,3,4,0,11,4,4,0,14
0.80,0.020,19,20,0,56,6,6,0,19,6,6,0,12,3,4,0,11,4,4,0,14
0.80,0.025,19,20,0,56,6,6,0,19,6,6,0,12,3,4,0,11,4,4,0,14
0.80,0.030,19,20,0,56,6,6,0,19,6,6,0,12,3,4,0,11,4,4,0,14
0.80,0.035,19,20,0,56,6,6,0,19,6,6,0,12,3,4,0,11,4,4,0,14
0.80,0.040,19,20,0,56,6,6,0,19,6,6,0,12,3,4,0,11,4,4,0,14
0.80,0.045,19,20,0,56,6,6,0,19,6,6,0,12,3,4,0,11,4,4,0,14
0.80,0.050,19,20,0,56,6,6,0,19,6,6,0,12,3,4,0,11,4,4,0,14
0.80,0.055,19,20,0,56,6,6,0,19,6,6,0,12,3,4,0,11,4,4,0,14
0.80,0.060,19,20,0,56,6,6,0,19,6,6,0,12,3,4,0,11,4,4,0,14
0.80,0.065,19,20,0,56,6,6,0,19,6,6,0,12,3,4,0,11,4,4,0,14
0.80,0.070,19,20,0,56,6,6,0,19,6,6,0,12,3,4,0,11,4,4,0,14
0.80,0.075,19,20,0,56,6,6,0,19,6,6,0,12,3,4,0,11,4,4,0,14
0.80,0.080,19,20,0,56,6,6,0,19,6,6,0,12,3,4,0,11,4,4,0,14
0.80,0.085,19,20,0,56,6,6,0,19,6,6,0,12,3,4,0,11,4,4,0,14
0.80,0.090,20,20,0,56,6,6,0,19,6,6,0,12,4,4,0,11,4,4,0,14
0.80,0.095,20,20,0,56,6,6,0,19,6,6,0,12,4,4,0,11,4,4,0,14
0.80,0.100,20,20,0,56,6,6,0,19,6,6,0,12,4,4,0,11,4,4,0,14
0.81,0.000,20,20,0,56,6,6,0,19,6,6,0,12,4,4,0,11,4,4,0,14
0.81,0.005,20,20,0,56,6,6,0,19,6,6,0,12,4,4,0,11,4,4,0,14
0.81,0.010,20,20,0,56,6,6,0,19,6,6,0,12,4,4,0,11,4,4,0,14
0.81,0.015,20,20,0,56,6,6,0,19,6,6,0,12,4,4,0,11,4,4,0,14
0.81,0.020,20,20,0,56,6,6,0,19,6,6,0,12,4,4,0,11,4,4,0,14
0.81,0.025,20,20,0,56,6,6,0,19,6,6,0,12,4,4,0,11,4,4,0,14
0.81,0.030,20,20,0,56,6,6,0,19,6,6,0,12,4,4,0,11,4,4,0,14
0.81,0.035,20,20,0,56,6,6,0,19,6,6,0,12,4,4,0,11,4,4,0,14
0.81,0.040,20,20,0,56,6,6,0,19,6,6,0,12,4,4,0,11,4,4,0,14
0.81,0.045,20,20,0,56,6,6,0,19,6,6,0,12,4,4,0,11,4,4,0,14
0.81,0.050,20,20,0,56,6,6,0,19,6,6,0,12,4,4,0,11,4,4,0,14
0.81,0.055,20,20,0,56,6,6,0,19,6,6,0,12,4,4,0,11,4,4,0,14
0.81,0.060,20,20,0,56,6,6,0,19,6,6,0,12,4,4,0,11,4,4,0,14
0.81,0.065,20,20,0,56,6,6,0,19,6,6,0,12,4,4,0,11,4,4,0,14
0.81,0.070,20,20,0,56,6,6,0,19,6,6,0,12,4,4,0,11,4,4,0,14
0.81,0.075,20,20,0,56,6,6,0,19,6,6,0,12,4,4,0,11,4,4,0,14
0.81,0.080,20,20,0,56,6,6,0,19,6,6,0,12,4,4,0,11,4,4,0,14
0.81,0.085,20,20,0,56,6,6,0,19,6,6,0,12,4,4,0,11,4,4,0,14
0.81,0.090,20,20,0,56,6,6,0,19,6,6,0,12,4,4,0,11,4,4,0,14
0.81,0.095,20,20,0,56,6,6,0,19,6,6,0,12,4,4,0,11,4,4,0,14
0.81,0.100,20,20,0,56,6,6,0,19,6,6,0,12,4,4,0,11,4,4,0,14
0.82,0.000,20,20,0,56,6,6,0,19,6,6,0,12,4,4,0,11,4,4,0,14
0.82,0.005,20,20,0,56,6,6,0,19,6,6,0,12,4,4,0,11,4,4,0,14
0.82,0.010,20,20,0,56,6,6,0,19,6,6,0,12,4,4,0,11,4,4,0,14
0.82,0.015,20,20,0,56,6,6,0,19,6,6,0,12,4,4,0,11,4,4,0,14
0.82,0.020,20,20,0,56,6,6,0,19,6,6,0,12,4,4,0,11,4,4,0,14
0.82,0.025,20,20,0,56,6,6,0,19,6,6,0,12,4,4,0,11,4,4,0,14
0.82,0.030,20,20,0,56,6,6,0,19,6,6,0,12,4,4,0,11,4,4,0,14
0.82,0.035,20,20,0,56,6,6,0,19,6,6,0,12,4,4,0,11,4,4,0,14
0.82,0.040,20,20,0,56,6,6,0,19,6,6,0,12,4,4,0,11,4,4,0,14
0.82,0.045,20,20,0,56,6,6,0,19,6,6,0,12,4,4,0,11,4,4,0,14
0.82,0.050,20,20,0,56,6,6,0,19,6,6,0,12,4,4,0,11,4,4,0,14
0.82,0.055,20,20,0,56,6,6,0,19,6,6,0,12,4,4,0,11,4,4,0,14
0.82,0.060,20,20,0,56,6,6,0,19,6,6,0,12,4,4,0,11,4,4,0,14
0.82,0.065,20,20,0,56,6,6,0,19,6,6,0,12,4,4,0,11,4,4,0,14
0.82,0.070,20,20,0,56,6,6,0,19,6,6,0,12,4,4,0,11,4,4,0,14
0.82,0.075,20,20,0,56,6,6,0,19,6,6,0,12,4,4,0,11,4,4,0,14
0.82,0.080,20,20,0,56,6,6,0,19,6,6,0,12,4,4,0,11,4,4,0,14
0.82,0.085,20,20,0,56,6,6,0,19,6,6,0,12,4,4,0,11,4,4,0,14
0.82,0.090,20,20,0,56,6,6,0,19,6,6,0,12,4,4,0,11,4,4,0,14
0.82,0.095,20,20,0,56,6,6,0,19,6,6,0,12,4,4,0,11,4,4,0,14
0.82,0.100,20,20,0,56,6,6,0,19,6,6,0,12,4,4,0,11,4,4,0,14
0.83,0.000,20,20,0,56,6,6,0,19,6,6,0,12,4,4,0,11,4,4,0,14
0.83,0.005,20,20,0,56,6,6,0,19,6,6,0,12,4,4,0,11,4,4,0,14
0.83,0.010,20,20,0,56,6,6,0,19,6,6,0,12,4,4,0,11,4,4,0,14
0.83,0.015,20,20,0,56,6,6,0,19,6,6,0,12,4,4,0,11,4,4,0,14
0.83,0.020,20,20,0,56,6,6,0,19,6,6,0,12,4,4,0,11,4,4,0,14
0.83,0.025,20,20,0,56,6,6,0,19,6,6,0,12,4,4,0,11,4,4,0,14
0.83,0.030,20,20,0,56,6,6,0,19,6,6,0,12,4,4,0,11,4,4,0,14
0.83,0.035,20,20,0,56,6,6,0,19,6,6,0,12,4,4,0,11,4,4,0,14
0.83,0.040,20,20,0,56,6,6,0,19,6,6,0,12,4,4,0,11,4,4,0,14
0.83,0.045,20,20,0,56,6,6,0,19,6,6,0,12,4,4,0,11,4,4,0,14
0.83,0.050,20,20,0,56,6,6,0,19,6,6,0,12,4,4,0,11,4,4,0,14
0.83,0.055,20,20,0,56,6,6,0,19,6,6,0,12,4,4,0,11,4,4,0,14
0.83,0.060,20,20,0,56,6,6,0,19,6,6,0,12,4,4,0,11,4,4,0,14
0.83,0.065,20,20,0,56,6,6,0,19,6,6,0,12,4,4,0,11,4,4,0,14
0.83,0.070,20,20,0,56,6,6,0,19,6,6,0,12,4,4,0,11,4,4,0,14
0.83,0.075,20,20,0,56,6,6,0,19,6,6,0,12,4,4,0,11,4,4,0,14
0.83,0.080,20,20,0,56,6,6,0,19,6,6,0,12,4,4,0,11,4,4,0,14
0.83,0.085,20,20,0,56,6,6,0,19,6,6,0,12,4,4,0,11,4,4,0,14
0.83,0.090,20,20,0,56,6,6,0,19,6,6,0,12,4,4,0,11,4,4,0,14
0.83,0.095,20,20,0,56,6,6,0,19,6,6,0,12,4,4,0,11,4,4,0,14
0.83,0.100,20,20,0,56,6,6,0,19,6,6,0,12,4,4,0,11,4,4,0,14
0.84,0.000,20,20,0,56,6,6,0,19,6,6,0,12,4,4,0,11,4,4,0,14
0.84,0.005,20,20,0,56,6,6,0,19,6,6,0,12,4,4,0,11,4,4,0,14
0.84,0.010,20,20,0,56,6,6,0,19,6,6,0,12,4,4,0,11,4,4,0,14
0.84,0.015,20,20,0,56,6,6,0,19,6,6,0,12,4,4,0,11,4,4,0,14
0.84,0.020,20,20,0,56,6,6,0,19,6,6,0,12,4,4,0,11,4,4,0,14
0.84,0.025,20,20,0,56,6,6,0,19,6,6,0,12,4,4,0,11,4,4,0,14
0.84,0.030,20,20,0,56,6,6,0,19,6,6,0,12,4,4,0,11,4,4,0,14
0.84,0.035,20,20,0,56,6,6,0,19,6,6,0,12,4,4,0,11,4,4,0,14
0.84,0.040,20,20,0,56,6,6,0,19,6,6,0,12,4,4,0,11,4,4,0,14
0.84,0.045,20,20,0,56,6,6,0,19,6,6,0,12,4,4,0,11,4,4,0,14
0.84,0.050,20,20,0,56,6,6,0,19,6,6,0,12,4,4,0,11,4,4,0,14
0.84,0.055,20,20,0,56,6,6,0,19,6,6,0,12,4,4,0,11,4,4,0,14
0.84,0.060,20,20,0,56,6,6,0,19,6,6,0,12,4,4,0,11,4,4,0,14
0.84,0.065,20,20,0,56,6,6,0,19,6,6,0,12,4,4,0,11,4,4,0,14
0.84,0.070,20,20,0,56,6,6,0,19,6,6,0,12,4,4,0,11,4,4,0,14
0.84,0.075,20,20,0,56,6,6,0,19,6,6,0,12,4,4,0,11,4,4,0,14
0.84,0.080,20,20,0,56,6,6,0,19,6,6,0,12,4,4,0,11,4,4,0,14
0.84,0.085,20,20,0,56,6,6,0,19,6,6,0,12,4,4,0,11,4,4,0,14
0.84,0.090,20,20,0,56,6,6,0,19,6,6,0,12,4,4,0,11,4,4,0,14
0.84,0.095,20,20,0,56,6,6,0,19,6,6,0,12,4,4,0,11,4,4,0,14
0.84,0.100,20,20,0,56,6,6,0,19,6,6,0,12,4,4,0,11,4,4,0,14
0.85,0.000,20,20,0,56,6,6,0,19,6,6,0,12,4,4,0,11,4,4,0,14
0.85,0.005,20,20,0,56,6,6,0,19,6,6,0,12,4,4,0,11,4,4,0,14
0.85,0.010,20,20,0,56,6,6,0,19,6,6,0,12,4,4,0,11,4,4,0,14
0.85,0.015,20,20,0,56,6,6,0,19,6,6,0,12,4,4,0,11,4,4,0,14
0.85,0.020,20,20,0,56,6,6,0,19,6,6,0,12,4,4,0,11,4,4,0,14
0.85,0.025,20,20,0,56,6,6,0,19,6,6,0,12,4,4,0,11,4,4,0,14
0.85,0.030,20,20,0,56,6,6,0,19,6,6,0,12,4,4,0,11,4,4,0,14
0.85,0.035,20,20,0,56,6,6,0,19,6,6,0,12,4,4,0,11,4,4,0,14
0.85,0.040,20,20,0,56,6,6,0,19,6,6,0,12,4,4,0,11,4,4,0,14
0.85,0.045,20,20,0,56,6,6,0,19,6,6,0,12,4,4,0,11,4,4,0,14
0.85,0.050,20,20,0,56,6,6,0,19,6,6,0,12,4,4,0,11,4,4,0,14
0.85,0.055,20,20,0,56,6,6,0,19,6,6,0,12,4,4,0,11,4,4,0,14
0.85,0.060,20,20,0,56,6,6,0,19,6,6,0,12,4,4,0,11,4,4,0,14
0.85,0.065,20,20,0,56,6,6,0,19,6,6,0,12,4,4,0,11,4,4,0,14
0.85,0.070,20,20,0,56,6,6,0,19,6,6,0,12,4,4,0,11,4,4,0,14
0.85,0.075,20,20,0,56,6,6,0,19,6,6,0,12,4,4,0,11,4,4,0,14
0.85,0.080,20,20,0,56,6,6,0,19,6,6,0,12,4,4,0,11,4,4,0,14
0.85,0.085,20,20,0,56,6,6,0,19,6,6,0,12,4,4,0,11,4,4,0,14
0.85,0.090,20,20,0,56,6,6,0,19,6,6,0,12,4,4,0,11,4,4,0,14
0.85,0.095,20,20,0,56,6,6,0,19,6,6,0,12,4,4,0,11,4,4,0,14
0.85,0.100,20,20,0,56,6,6,0,19,6,6,0,12,4,4,0,11,4,4,0,14
0.86,0.000,20,20,0,56,6,6,0,19,6,6,0,12,4,4,0,11,4,4,0,14
0.86,0.005,20,20,0,56,6,6,0,19,6,6,0,12,4,4,0,11,4,4,0,14
0.86,0.010,20,20,0,56,6,6,0,19,6,6,0,12,4,4,0,11,4,4,0,14
0.86,0.015,20,20,0,56,6,6,0,19,6,6,0,12,4,4,0,11,4,4,0,14
0.86,0.020,20,20,0,56,6,6,0,19,6,6,0,12,4,4,0,11,4,4,0,14
0.86,0.025,20,20,0,56,6,6,0,19,6,6,0,12,4,4,0,11,4,4,0,14
0.86,0.030,20,20,0,56,6,6,0,19,6,6,0,12,4,4,0,11,4,4,0,14
0.86,0.035,20,20,0,56,6,6,0,19,6,6,0,12,4,4,0,11,4,4,0,14
0.86,0.040,20,20,0,56,6,6,0,19,6,6,0,12,4,4,0,11,4,4,0,14
0.86,0.045,20,20,0,56,6,6,0,19,6,6,0,12,4,4,0,11,4,4,0,14
0.86,0.050,20,20,0,56,6,6,0,19,6,6,0,12,4,4,0,11,4,4,0,14
0.86,0.055,20,20,0,56,6,6,0,19,6,6,0,12,4,4,0,11,4,4,0,14
0.86,0.060,20,20,0,56,6,6,0,19,6,6,0,12,4,4,0,11,4,4,0,14
0.86,0.065,20,20,0,56,6,6,0,19,6,6,0,12,4,4,0,11,4,4,0,14
0.86,0.070,20,20,0,56,6,6,0,19,6,6,0,12,4,4,0,11,4,4,0,14
0.86,0.075,20,20,0,56,6,6,0,19,6,6,0,12,4,4,0,11,4,4,0,14
0.86,0.080,20,20,0,56,6,6,0,19,6,6,0,12,4,4,0,11,4,4,0,14
0.86,0.085,20,20,0,56,6,6,0,19,6,6,0,12,4,4,0,11,4,4,0,14
0.86,0.090,20,20,0,56,6,6,0,19,6,6,0,12,4,4,0,11,4,4,0,14
0.86,0.095,20,20,0,56,6,6,0,19,6,6,0,12,4,4,0,11,4,4,0,14
0.86,0.100,20,20,0,56,6,6,0,19,6,6,0,12,4,4,0,11,4,4,0,14
0.87,0.000,20,20,0,56,6,6,0,19,6,6,0,12,4,4,0,11,4,4,0,14
0.87,0.005,20,20,0,56,6,6,0,19,6,6,0,12,4,4,0,11,4,4,0,14
0.87,0.010,20,20,0,56,6,6,0,19,6,6,0,12,4,4,0,11,4,4,0,14
0.87,0.015,20,20,0,56,6,6,0,19,6,6,0,12,4,4,0,11,4,4,0,14
0.87,0.020,20,20,0,56,6,6,0,19,6,6,0,12,4,4,0,11,4,4,0,14
0.87,0.025,20,20,0,56,6,6,0,19,6,6,0,12,4,4,0,11,4,4,0,14
0.87,0.030,20,20,0,56,6,6,0,19,6,6,0,12,4,4,0,11,4,4,0,14
0.87,0.035,20,20,0,56,6,6,0,19,6,6,0,12,4,4,0,11,4,4,0,14
0.87,0.040,20,20,0,56,6,6,0,19,6,6,0,12,4,4,0,11,4,4,0,14
0.87,0.045,20,20,0,56,6,6,0,19,6,6,0,12,4,4,0,11,4,4,0,14
0.87,0.050,20,20,0,56,6,6,0,19,6,6,0,12,4,4,0,11,4,4,0,14
0.87,0.055,20,20,0,56,6,6,0,19,6,6,0,12,4,4,0,11,4,4,0,14
0.87,0.060,20,20,0,56,6,6,0,19,6,6,0,12,4,4,0,11,4,4,0,14
0.87,0.065,20,20,0,56,6,6,0,19,6,6,0,12,4,4,0,11,4,4,0,14
0.87,0.070,20,20,0,56,6,6,0,19,6,6,0,12,4,4,0,11,4,4,0,14
0.87,0.075,20,20,0,56,6,6,0,19,6,6,0,12,4,4,0,11,4,4,0,14
0.87,0.080,20,20,0,56,6,6,0,19,6,6,0,12,4,4,0,11,4,4,0,14
0.87,0.085,20,20,0,56,6,6,0,19,6,6,0,12,4,4,0,11,4,4,0,14
0.87,0.090,20,20,0,56,6,6,0,19,6,6,0,12,4,4,0,11,4,4,0,14
0.87,0.095,20,20,0,56,6,6,0,19,6,6,0,12,4,4,0,11,4,4,0,14
0.87,0.100,20,20,0,56,6,6,0,19,6,6,0,12,4,4,0,11,4,4,0,14
0.88,0.000,20,20,0,56,6,6,0,19,6,6,0,12,4,4,0,11,4,4,0,14
0.88,0.005,20,20,0,56,6,6,0,19,6,6,0,12,4,4,0,11,4,4,0,14
0.88,0.010,20,20,0,56,6,6,0,19,6,6,0,12,4,4,0,11,4,4,0,14
0.88,0.015,20,20,0,56,6,6,0,19,6,6,0,12,4,4,0,11,4,4,0,14
0.88,0.020,20,20,0,56,6,6,0,19,6,6,0,12,4,4,0,11,4,4,0,14
0.88,0.025,20,20,0,56,6,6,0,19,6,6,0,12,4,4,0,11,4,4,0,14
0.88,0.030,20,20,0,56,6,6,0,19,6,6,0,12,4,4,0,11,4,4,0,14
0.88,0.035,20,20,0,56,6,6,0,19,6,6,0,12,4,4,0,11,4,4,0,14
0.88,0.040,20,20,0,56,6,6,0,19,6,6,0,12,4,4,0,11,4,4,0,14
0.88,0.045,20,20,0,56,6,6,0,19,6,6,0,12,4,4,0,11,4,4,0,14
0.88,0.050,20,20,0,56,6,6,0,19,6,6,0,12,4,4,0,11,4,4,0,14
0.88,0.055,20,20,0,56,6,6,0,19,6,6,0,12,4,4,0,11,4,4,0,14
0.88,0.060,20,20,0,56,6,6,0,19,6,6,0,12,4,4,0,11,4,4,0,14
0.88,0.065,20,20,0,56,6,6,0,19,6,6,0,12,4,4,0,11,4,4,0,14
0.88,0.070,20,20,0,56,6,6,0,19,6,6,0,12,4,4,0,11,4,4,0,14
0.88,0.075,20,20,0,56,6,6,0,19,6,6,0,12,4,4,0,11,4,4,0,14
0.88,0.080,20,20,0,56,6,6,0,19,6,6,0,12,4,4,0,11,4,4,0,14
0.88,0.085,20,20,0,56,6,6,0,19,6,6,0,12,4,4,0,11,4,4,0,14
0.88,0.090,20,20,0,56,6,6,0,19,6,6,0,12,4,4,0,11,4,4,0,14
0.88,0.095,20,20,0,56,6,6,0,19,6,6,0,12,4,4,0,11,4,4,0,14
0.88,0.100,20,20,0,56,6,6,0,19,6,6,0,12,4,4,0,11,4,4,0,14
0.89,0.000,20,20,0,56,6,6,0,19,6,6,0,12,4,4,0,11,4,4,0,14
0.89,0.005,20,20,0,56,6,6,0,19,6,6,0,12,4,4,0,11,4,4,0,14
0.89,0.010,20,20,0,56,6,6,0,19,6,6,0,12,4,4,0,11,4,4,0,14
0.89,0.015,20,20,0,56,6,6,0,19,6,6,0,12,4,4,0,11,4,4,0,14
0.89,0.020,20,20,0,56,6,6,0,19,6,6,0,12,4,4,0,11,4,4,0,14
0.89,0.025,20,20,0,56,6,6,0,19,6,6,0,12,4,4,0,11,4,4,0,14
0.89,0.030,20,20,0,56,6,6,0,19,6,6,0,12,4,4,0,11,4,4,0,14
0.89,0.035,20,20,0,56,6,6,0,19,6,6,0,12,4,4,0,11,4,4,0,14
0.89,0.040,20,20,0,56,6,6,0,19,6,6,0,12,4,4,0,11,4,4,0,14
0.89,0.045,20,20,0,56,6,6,0,19,6,6,0,12,4,4,0,11,4,4,0,14
0.89,0.050,20,20,0,56,6,6,0,19,6,6,0,12,4,4,0,11,4,4,0,14
0.89,0.055,20,20,0,56,6,6,0,19,6,6,0,12,4,4,0,11,4,4,0,14
0.89,0.060,20,20,0,56,6,6,0,19,6,6,0,12,4,4,0,11,4,4,0,14
0.89,0.065,20,20,0,56,6,6,0,19,6,6,0,12,4,4,0,11,4,4,0,14
0.89,0.070,20,20,0,56,6,6,0,19,6,6,0,12,4,4,0,11,4,4,0,14
0.89,0.075,20,20,0,56,6,6,0,19,6,6,0,12,4,4,0,11,4,4,0,14
0.89,0.080,20,20,0,56,6,6,0,19,6,6,0,12,4,4,0,11,4,4,0,14
0.89,0.085,20,20,0,56,6,6,0,19,6,6,0,12,4,4,0,11,4,4,0,14
0.89,0.090,20,20,0,56,6,6,0,19,6,6,0,12,4,4,0,11,4,4,0,14
0.89,0.095,20,20,0,56,6,6,0,19,6,6,0,12,4,4,0,11,4,4,0,14
0.89,0.100,20,20,0,56,6,6,0,19,6,6,0,12,4,4,0,11,4,4,0,14
0.90,0.000,20,20,0,56,6,6,0,19,6,6,0,12,4,4,0,11,4,4,0,14
0.90,0.005,20,20,0,56,6,6,0,19,6,6,0,12,4,4,0,11,4,4,0,14
0.90,0.010,20,20,0,56,6,6,0,19,6,6,0,12,4,4,0,11,4,4,0,14
0.90,0.015,20,20,0,56,6,6,0,19,6,6,0,12,4,4,0,11,4,4,0,14
0.90,0.020,20,20,0,56,6,6,0,19,6,6,0,12,4,4,0,11,4,4,0,14
0.90,0.025,20,20,0,56,6,6,0,19,6,6,0,12,4,4,0,11,4,4,0,14
0.90,0.030,20,20,0,56,6,6,0,19,6,6,0,12,4,4,0,11,4,4,0,14
0.90,0.035,20,20,0,56,6,6,0,19,6,6,0,12,4,4,0,11,4,4,0,14
0.90,0.040,20,20,0,56,6,6,0,19,6,6,0,12,4,4,0,11,4,4,0,14
0.90,0.045,20,20,0,56,6,6,0,19,6,6,0,12,4,4,0,11,4,4,0,14
0.90,0.050,20,20,0,56,6,6,0,19,6,6,0,12,4,4,0,11,4,4,0,14
0.90,0.055,20,20,0,56,6,6,0,19,6,6,0,12,4,4,0,11,4,4,0,14
0.90,0.060,20,20,0,56,6,6,0,19,6,6,0,12,4,4,0,11,4,4,0,14
0.90,0.065,20,20,0,56,6,6,0,19,6,6,0,12,4,4,0,11,4,4,0,14
0.90,0.070,20,20,0,56,6,6,0,19,6,6,0,12,4,4,0,11,4,4,0,14
0.90,0.075,20,20,0,56,6,6,0,19,6,6,0,12,4,4,0,11,4,4,0,14
0.90,0.080,20,20,0,56,6,6,0,19,6,6,0,12,4,4,0,11,4,4,0,14
0.90,0.085,20,20,0,56,6,6,0,19,6,6,0,12,4,4,0,11,4,4,0,14
0.90,0.090,20,20,0,56,6,6,0,19,6,6,0,12,4,4,0,11,4,4,0,14
0.90,0.095,20,20,0,56,6,6,0,19,6,6,0,12,4,4,0,11,4,4,0,14
0.90,0.100,20,20,0,56,6,6,0,19,6,6,0,12,4,4,0,11,4,4,0,14
